Date,Longitude,Latitude,Depth,Magnitude
08/01/2024 13:19:12,38.7525,38.2842,8.97,4.4
07/01/2024 15:58:00,37.2725,38.3222,6.99,3.9
06/01/2024 12:10:09,38.5897,38.1694,8.76,4
05/01/2024 14:03:03,37.4519,38.3753,6.99,3.6
30/12/2023 13:26:24,39.0192,38.4564,9.36,4.2
30/12/2023 02:05:13,36.3053,36.4258,8.94,3.9
28/12/2023 09:34:05,38.1217,38.2664,17.3,4.6
27/12/2023 07:55:12,37.67,38.0411,9.69,4.3
26/12/2023 01:43:01,36.7725,38.0208,7.01,3.5
25/12/2023 13:37:50,36.4567,37.9186,11.46,3.5
24/12/2023 05:52:23,37.4731,38,5.83,3.5
21/12/2023 18:24:33,36.1531,36.3308,9.19,4.1
19/12/2023 20:22:52,36.3189,37.8244,7,3.6
18/12/2023 06:07:25,38.2792,38.2442,7,3.6
14/12/2023 22:32:58,35.9806,36.2464,3.31,3.8
13/12/2023 00:36:09,36.6936,37.1133,7.45,3.9
04/12/2023 11:20:03,37.1619,38.3131,7,3.5
01/12/2023 00:18:49,37.61,38.3703,7,4.8
28/11/2023 01:32:35,37.0189,38.4383,6.99,3.8
26/11/2023 13:13:28,38.1764,38.1772,7.55,3.5
23/11/2023 15:54:58,38.541,38.128,6.99,3.5
23/11/2023 14:49:57,38.571,38.152,6.48,4.7
23/11/2023 14:46:08,38.569,38.158,7,5.2
20/11/2023 07:36:04,38.777,38.237,7,4.5
20/11/2023 00:55:04,36.618,37.923,7.02,3.6
18/11/2023 16:55:57,37.001,37.274,6.99,3.5
15/11/2023 22:58:45,38.159,38.29,10.88,3.5
15/11/2023 22:32:10,38.539,38.188,11.5,4
15/11/2023 14:56:05,36.769,37.386,7.54,3.8
15/11/2023 02:14:27,38.317,38.311,7.53,3.7
09/11/2023 02:32:14,36.371,36.622,8.28,4.8
30/10/2023 16:25:47,36.404,37.995,7.07,4.2
29/10/2023 19:08:29,36.544,38.073,7.34,3.6
26/10/2023 08:32:12,36.345,36.326,7.86,3.6
24/10/2023 00:39:33,38.685,38.202,7.5,4.3
22/10/2023 00:48:47,37.737,38.101,6.46,3.6
20/10/2023 10:00:22,36.34,37.857,7.01,3.5
20/10/2023 09:23:30,36.668,38.158,7,3.6
20/10/2023 08:30:10,38.241,38.316,10.27,3.6
17/10/2023 22:14:16,37.98,38.234,7.08,3.6
17/10/2023 13:59:53,36.59,38.079,7.24,3.5
16/10/2023 19:30:58,38.124,38.205,7,3.5
16/10/2023 11:51:01,36.328,37.815,6.89,4.1
15/10/2023 10:34:11,38.549,38.149,7.03,3.6
14/10/2023 22:31:54,37.254,37.531,10.28,3.8
14/10/2023 12:02:10,37.81,38.082,4.47,3.5
14/10/2023 07:04:34,38.406,38.089,9.55,3.7
14/10/2023 05:48:55,37.057,37.325,7.72,3.6
09/10/2023 06:28:53,38.146,38.326,6.96,4.3
08/10/2023 03:24:38,34.677,37.674,18.36,3.9
07/10/2023 22:01:46,38.151,38.103,5.93,4.4
07/10/2023 09:56:56,36.31,37.922,5.5,3.6
05/10/2023 15:23:18,36.618,37.888,10.24,4.3
04/10/2023 07:58:14,35.894,36.072,10.81,4
03/10/2023 08:52:48,36.686,38.078,7.06,3.6
03/10/2023 07:25:18,35.89,36.053,7,3.5
02/10/2023 11:48:53,38.363,38.115,11.65,3.8
02/10/2023 00:43:53,35.619,37.768,7,3.9
29/09/2023 03:14:18,37.639,37.784,8.74,3.5
29/09/2023 03:12:13,38.64,38.241,11.17,3.8
28/09/2023 06:18:24,37.374,38.367,14.37,4
28/09/2023 05:01:33,36.534,36.852,10.46,3.9
26/09/2023 07:14:40,37.427,38.359,7,3.8
26/09/2023 05:32:55,38.657,38.203,13.31,3.7
25/09/2023 13:04:59,38.518,38.121,10.95,3.7
23/09/2023 08:22:21,36.327,37.919,8.48,4.6
21/09/2023 17:17:50,37.035,37.274,6.24,3.9
15/09/2023 16:54:51,35.325,37.51,7,3.6
09/09/2023 00:20:04,37.08,37.419,8.79,3.9
06/09/2023 20:01:41,38.486,38.087,7.19,3.5
04/09/2023 12:42:41,36.265,37.953,11.32,3.8
04/09/2023 04:30:13,38.071,38.555,6.82,3.9
03/09/2023 11:56:02,36.084,36.056,10.74,3.6
01/09/2023 19:30:31,38.422,38.118,6.88,3.5
31/08/2023 14:06:34,37.785,38.275,9.43,3.5
29/08/2023 06:03:04,38.435,38.091,9.23,3.8
26/08/2023 08:58:43,37.552,38.041,6.99,4.1
26/08/2023 07:34:38,38.476,38.104,10.88,3.7
25/08/2023 04:22:36,37.413,38.372,7,3.5
24/08/2023 18:53:12,36.584,38.141,12.33,3.9
24/08/2023 05:35:23,38.171,38.309,7,5
23/08/2023 07:40:27,38.06,37.956,7,3.6
23/08/2023 04:02:35,38.311,38.051,6.84,3.5
22/08/2023 13:21:29,39.939,35.791,12.96,3.6
22/08/2023 10:17:32,36.675,38.435,7.06,4.7
21/08/2023 13:54:32,36.347,37.986,5.17,4.1
20/08/2023 07:05:53,36.347,37.996,22.17,4.2
19/08/2023 22:26:54,35.148,37.922,7.1,3.8
17/08/2023 15:25:06,37.716,37.798,5.43,4.1
17/08/2023 06:45:49,36.381,37.966,7.12,3.6
16/08/2023 14:36:58,35.38,37.658,7.3,4.5
12/08/2023 15:18:19,38.206,38.286,9.13,4.2
12/08/2023 13:40:01,38.225,38.317,7,4.5
12/08/2023 13:39:16,38.228,38.312,6.35,4.8
12/08/2023 09:42:49,36.218,37.856,7,3.7
11/08/2023 11:42:51,37.251,38.269,0.19,3.8
10/08/2023 17:48:00,38.209,38.308,7.89,5.3
10/08/2023 08:48:14,38.672,38.161,12.18,3.6
09/08/2023 17:01:46,38.443,38.193,12.1,4.4
09/08/2023 08:05:06,36.586,36.985,7.18,3.5
09/08/2023 05:10:23,36.285,37.963,7,3.8
08/08/2023 13:47:02,39.475,38.492,7.01,3.7
07/08/2023 08:09:21,35.883,35.927,14.17,3.9
06/08/2023 18:48:58,35.922,37.654,7.01,3.8
04/08/2023 15:36:14,37.057,37.501,7.7,3.6
03/08/2023 04:56:15,38.674,38.167,7.04,4.3
03/08/2023 04:15:45,35.885,36.135,7,3.9
31/07/2023 21:53:37,37.148,37.438,7.06,3.8
31/07/2023 15:23:16,38.454,38.109,7,3.6
30/07/2023 15:13:17,35.902,36.326,7,3.6
26/07/2023 16:25:15,36.952,38.096,10.4,3.9
26/07/2023 13:44:10,37.243,38.274,7.17,3.6
26/07/2023 10:55:17,35.872,37.609,10.42,3.7
26/07/2023 01:10:11,38.586,37.964,5.19,3.7
25/07/2023 07:57:54,35.888,37.59,9.06,4.4
25/07/2023 07:48:33,35.889,37.635,7,3.9
25/07/2023 07:33:18,35.883,37.607,6.88,3.5
25/07/2023 05:44:49,35.884,37.634,10.38,5.5
24/07/2023 22:39:32,37.763,38.038,11.72,3.8
23/07/2023 21:22:11,37.371,38.326,4.39,3.5
23/07/2023 10:48:37,37.277,38.19,8.76,4
22/07/2023 14:43:09,37.63,38.043,7.05,4.2
22/07/2023 10:37:11,36.239,37.852,7,3.9
22/07/2023 02:43:33,38.15,38.316,13.12,3.7
21/07/2023 23:03:18,38.594,38.135,7,3.9
21/07/2023 11:23:24,37.256,38.176,5.55,4
19/07/2023 03:05:47,38.175,38.164,7.01,3.5
17/07/2023 02:39:55,37.399,38.165,7,3.5
15/07/2023 17:32:48,37.408,38.019,7,3.9
13/07/2023 12:32:21,37.208,38.289,12.44,3.8
09/07/2023 02:27:35,36.359,37.973,7,3.6
07/07/2023 18:38:43,37.449,38.023,7.56,3.5
05/07/2023 05:55:12,36.633,38.034,6.97,3.6
03/07/2023 06:31:50,35.888,36.104,23.45,3.6
02/07/2023 10:15:59,36.138,36.181,7,3.7
01/07/2023 12:04:12,37.356,38.025,7.01,3.5
01/07/2023 01:00:06,36.569,38,5.52,3.9
30/06/2023 04:12:55,36.381,38.301,6.1,3.6
29/06/2023 13:34:42,37.406,38.007,5.53,4
29/06/2023 05:28:07,36.357,37.998,6.98,4.3
28/06/2023 14:14:49,37.09,37.301,12.29,3.6
27/06/2023 19:02:05,37.591,38.368,7.04,3.5
27/06/2023 12:40:06,39.213,38.423,7.75,4.1
27/06/2023 02:08:43,36.248,37.894,7.51,3.8
24/06/2023 16:03:39,36.244,37.896,7.76,3.5
24/06/2023 15:06:33,36.621,37.141,7,3.5
24/06/2023 11:20:09,36.247,37.89,6.08,3.8
23/06/2023 17:14:46,37.691,38.039,7.25,3.8
23/06/2023 17:05:24,37.694,38.05,7,3.8
22/06/2023 14:27:44,37.341,37.631,7,3.6
22/06/2023 05:21:02,38.452,38.104,7.01,4.1
22/06/2023 01:11:45,38.624,38.172,7,3.5
20/06/2023 19:14:31,36.516,37.982,7,3.6
20/06/2023 18:22:47,36.279,37.959,10.39,3.5
20/06/2023 00:14:30,36.554,38.004,6.97,3.7
19/06/2023 18:31:30,36.571,38.003,7,4.7
19/06/2023 01:21:35,36.325,37.945,7,4
19/06/2023 00:30:18,38.075,38.184,3.3,4.4
18/06/2023 20:59:21,36.21,37.855,10.15,4
18/06/2023 15:36:28,38.619,38.202,7.06,4.6
18/06/2023 06:22:03,37.839,38.285,5.26,3.6
18/06/2023 04:56:17,36.6,38.044,11.34,3.5
17/06/2023 22:02:55,37.424,37.658,11.74,4.1
16/06/2023 23:29:34,36.456,37.855,7,3.6
15/06/2023 19:00:31,37.669,37.949,10.09,3.6
15/06/2023 15:58:37,38.427,38.109,8.51,3.6
15/06/2023 11:39:40,36.41,37.99,7.03,3.9
15/06/2023 05:47:37,36.238,36.825,8.06,3.6
15/06/2023 05:14:23,34.694,37.637,6.99,3.8
15/06/2023 04:37:22,36.121,37.534,7.02,3.7
13/06/2023 22:01:52,36.651,37.875,6.6,3.8
12/06/2023 11:01:04,36.247,37.893,7,3.5
11/06/2023 14:57:02,36.257,37.889,7,4.2
11/06/2023 09:40:56,37.565,38.429,7.05,3.6
11/06/2023 04:47:13,36.236,37.888,4.85,4
09/06/2023 03:22:47,36.875,38.119,9.79,3.5
08/06/2023 03:38:41,36.271,37.79,6.99,4.2
07/06/2023 18:23:08,39.389,38.231,7,3.8
07/06/2023 05:07:04,36.581,36.9,13.13,3.7
06/06/2023 03:31:29,37.107,37.59,14.45,3.6
05/06/2023 16:40:47,36.554,37.981,11.41,4.4
05/06/2023 12:39:22,37.719,38.267,10.51,3.5
04/06/2023 01:31:35,38.57,38.184,7.24,3.5
03/06/2023 22:25:20,39.391,38.254,7,4.2
03/06/2023 10:34:21,35.398,37.614,5.36,3.8
02/06/2023 23:07:20,36.895,37.17,8.86,3.5
02/06/2023 07:34:40,37.544,38.452,6.99,3.6
01/06/2023 05:42:13,38.737,37.412,12.83,3.7
31/05/2023 19:46:40,38.754,38.259,7.42,3.5
30/05/2023 20:09:31,38.176,38.257,7,3.6
30/05/2023 12:05:33,36.291,37.894,7,3.9
30/05/2023 11:20:32,37.545,38.454,6.97,3.9
30/05/2023 09:05:15,35.356,37.694,10.55,3.5
29/05/2023 06:47:02,35.852,36.151,17.33,3.7
29/05/2023 02:51:59,37.212,38.288,7,3.6
28/05/2023 05:51:19,36.897,37.395,6.74,3.6
27/05/2023 21:36:05,36.303,37.904,10.09,3.9
27/05/2023 03:45:22,37.699,37.953,7.01,3.5
26/05/2023 19:05:10,37.418,38.336,6.99,3.7
26/05/2023 12:32:30,36.309,37.928,12.53,3.9
25/05/2023 23:35:39,35.562,35.809,6.31,3.5
25/05/2023 20:16:36,36.286,37.905,7.02,3.5
25/05/2023 19:59:06,36.289,37.919,7.17,4
25/05/2023 15:02:05,38.589,38.122,6.96,4.1
25/05/2023 10:47:01,35.554,35.969,23.81,3.5
25/05/2023 07:21:33,35.436,35.939,23.61,3.7
24/05/2023 21:11:49,37.819,38.296,11.85,3.6
23/05/2023 19:30:12,36.869,37.206,4.54,3.6
23/05/2023 01:12:46,36.297,37.918,7,4.2
22/05/2023 23:57:44,37.038,38.134,7.02,3.7
22/05/2023 21:47:49,36.298,37.906,7.01,3.5
22/05/2023 21:32:51,38.153,38.261,7,3.5
22/05/2023 16:42:58,36.269,37.876,7,4.5
22/05/2023 16:06:58,36.302,37.932,7,4.7
22/05/2023 07:13:22,37.131,37.505,13.16,3.7
21/05/2023 20:16:22,36.223,37.881,7,4
21/05/2023 18:56:16,36.389,37.787,8.07,3.8
21/05/2023 16:57:27,36.201,37.911,7,3.7
21/05/2023 15:51:11,39.24,37.276,13.23,3.5
21/05/2023 13:41:42,36.271,37.909,6.75,3.7
21/05/2023 12:46:13,36.237,37.889,6.67,4.9
21/05/2023 01:40:02,36.277,37.895,7,3.5
20/05/2023 09:16:01,38.603,38.162,7.1,3.5
20/05/2023 03:03:30,36.071,36.224,6.85,3.7
20/05/2023 00:55:24,38.124,38.172,6.99,3.9
19/05/2023 08:23:36,37.872,38.312,12.56,4.1
19/05/2023 03:14:41,37.673,38.046,12.21,3.5
15/05/2023 10:58:12,37.639,38.015,6.98,3.7
14/05/2023 16:30:33,37.624,38.026,7,3.6
14/05/2023 12:06:09,36.226,37.868,7.42,3.9
13/05/2023 19:54:45,38.587,38.151,7.47,4
13/05/2023 18:02:59,36.264,37.889,10.4,3.6
13/05/2023 13:53:15,36.56,38.04,7,3.7
12/05/2023 22:12:47,35.372,37.607,5.87,3.8
12/05/2023 21:58:04,36.783,37.275,7,3.7
12/05/2023 21:43:11,37.631,37.927,7,3.5
12/05/2023 08:36:24,36.222,37.839,7.02,4.3
12/05/2023 08:33:21,36.254,37.874,7,4.5
11/05/2023 14:57:04,36.589,38.066,11.56,4
10/05/2023 18:39:36,36.652,38.147,6.23,3.6
10/05/2023 03:47:07,37.494,37.983,6.24,3.8
09/05/2023 03:52:15,37.754,34.88,12.66,4.4
09/05/2023 03:11:30,36.741,37.275,7,3.9
08/05/2023 20:20:33,38.403,38.095,8.64,4.6
08/05/2023 13:02:09,37.103,37.414,7.84,3.5
08/05/2023 09:30:56,37.761,35.043,5.98,3.6
08/05/2023 09:24:53,37.683,34.648,5.92,4.3
07/05/2023 23:16:58,38.412,38.104,10.64,3.7
07/05/2023 08:36:10,36.301,36.426,7.44,4.7
07/05/2023 02:26:18,37.786,35.174,3.06,3.8
06/05/2023 12:29:25,36.588,37.836,10.17,4.1
05/05/2023 16:48:34,36.373,37.985,7,3.5
05/05/2023 14:52:28,36.333,37.977,7.55,4.6
05/05/2023 13:45:01,35.952,36.249,16.01,3.5
05/05/2023 11:57:59,38.452,38.089,7,3.6
05/05/2023 08:09:44,36.237,37.892,16.49,3.5
04/05/2023 06:26:13,36.587,38.075,7.11,3.6
03/05/2023 17:22:15,36.572,38.073,6.83,4.1
03/05/2023 17:16:38,36.569,38.069,7,5
03/05/2023 06:20:52,35.531,37.606,13.13,4.3
01/05/2023 21:35:58,38.593,38.138,5.44,4.4
01/05/2023 14:30:53,36.369,37.969,7.25,3.6
30/04/2023 13:01:26,37.835,38.314,11.07,4.3
29/04/2023 19:48:33,36.219,37.851,6.98,3.9
29/04/2023 17:58:29,36.464,38.041,7.02,3.7
29/04/2023 16:36:52,36.455,38.044,7,3.9
29/04/2023 02:16:52,37.348,37.517,7.04,3.6
29/04/2023 01:55:47,36.488,38.047,7,4.7
28/04/2023 18:20:04,36.677,37.908,7,3.7
28/04/2023 14:25:16,36.219,37.857,7.14,3.7
28/04/2023 06:57:51,37.844,38.141,7,3.6
28/04/2023 05:15:44,36.036,36.165,7,4.1
28/04/2023 03:46:59,36.368,37.973,6.03,3.5
27/04/2023 15:33:43,37.338,38.809,7,4.3
27/04/2023 06:31:41,36.589,37.818,7.08,3.7
26/04/2023 17:32:49,38.273,38.287,14.8,3.9
26/04/2023 15:31:03,36.422,37.986,7.36,4.3
26/04/2023 04:48:31,36.23,37.854,7,4.1
25/04/2023 22:14:08,37.288,38.057,7,4
25/04/2023 18:48:11,38.638,38.239,11.34,4
25/04/2023 14:03:04,36.058,36.268,7.69,3.7
25/04/2023 13:27:35,37.875,38.169,11.93,3.5
25/04/2023 04:02:21,37.809,38.093,7.01,3.6
24/04/2023 10:51:18,38.705,38.228,7,3.8
23/04/2023 18:43:27,37.539,38.342,8.52,3.8
23/04/2023 14:47:30,37.359,38.308,8.43,3.5
20/04/2023 07:06:55,38.258,38.307,13.51,3.5
20/04/2023 06:13:58,36.289,37.864,6.96,3.5
20/04/2023 01:54:16,37.619,37.994,6.21,3.7
19/04/2023 22:44:07,39.194,38.467,11.11,4.6
19/04/2023 18:18:32,36.303,37.859,7.71,3.8
19/04/2023 16:42:20,36.231,37.836,10.58,3.6
19/04/2023 15:09:28,36.727,37.185,7.01,3.6
19/04/2023 04:57:39,37.86,38.088,8,3.6
18/04/2023 22:47:37,36.483,38.048,7,3.6
18/04/2023 11:40:11,37.387,38.85,7,3.6
17/04/2023 15:54:32,36.592,36.467,5.68,3.6
17/04/2023 06:28:26,38.022,38.466,6.99,3.9
16/04/2023 22:55:56,36.771,38.054,8.02,3.9
16/04/2023 19:18:33,36.688,37.118,13.49,3.6
16/04/2023 15:48:51,36.238,37.904,7.07,3.5
15/04/2023 21:51:01,37.202,37.609,7.03,4.1
15/04/2023 14:37:06,37.137,37.527,7,3.5
15/04/2023 09:37:21,36.242,37.886,7,4.2
15/04/2023 09:21:42,38.225,38.092,5.36,3.5
14/04/2023 23:01:34,36.355,37.986,7,4
14/04/2023 11:44:11,36.201,37.918,14.92,3.9
13/04/2023 19:30:12,37.47,38.294,7,3.5
13/04/2023 13:47:12,38.658,38.218,13.18,3.6
13/04/2023 13:26:58,38.567,38.118,7,4.3
11/04/2023 21:44:23,38.028,38.451,7.01,3.6
11/04/2023 18:14:05,38.016,38.459,10.46,3.5
11/04/2023 08:41:32,37.903,38.807,21.44,3.8
11/04/2023 08:17:41,36.457,37.875,10.27,4
11/04/2023 05:24:19,37.181,37.538,7,3.6
10/04/2023 23:01:15,37.384,37.622,9.84,3.5
10/04/2023 22:45:09,37.194,37.506,7.57,4
10/04/2023 18:38:21,36.234,37.888,8.35,3.5
09/04/2023 03:01:33,36.275,37.895,7.1,3.7
08/04/2023 20:40:12,36.239,37.909,7,3.6
08/04/2023 19:35:04,36.359,37.984,7,3.6
08/04/2023 08:14:38,36.356,37.919,7,3.5
08/04/2023 08:02:24,36.341,37.874,7.16,3.7
08/04/2023 00:26:43,36.924,38.131,16.36,4.1
07/04/2023 01:56:18,38.684,38.186,8.27,3.5
06/04/2023 22:32:14,35.308,35.5,19.57,3.5
06/04/2023 00:57:42,35.375,37.625,7.28,3.8
05/04/2023 03:12:19,36.304,37.89,7,3.6
04/04/2023 04:00:27,38.024,38.467,7,3.5
04/04/2023 03:19:39,36.365,37.996,7.02,3.9
03/04/2023 16:16:02,36.218,37.873,7.14,3.9
03/04/2023 12:44:14,37.821,38.068,10.58,4.2
03/04/2023 10:52:54,37.823,38.075,11.13,4.3
03/04/2023 03:45:48,36.239,37.89,7,4.3
02/04/2023 19:04:48,38.675,38.251,10.6,3.9
02/04/2023 15:32:44,36.24,37.94,7,3.8
02/04/2023 12:12:43,38.024,38.458,7,3.8
02/04/2023 01:37:09,38.018,38.469,8.55,3.5
01/04/2023 22:29:45,36.236,37.898,7,3.6
01/04/2023 12:40:53,35.901,36.089,17.92,4.2
01/04/2023 12:34:39,35.904,36.148,13.34,4.1
01/04/2023 12:26:48,38.211,38.317,7.01,3.5
01/04/2023 07:23:59,38.152,38.259,7,3.5
01/04/2023 06:55:00,36.247,37.883,7,3.8
01/04/2023 01:37:28,36.304,37.86,7,3.9
31/03/2023 10:56:56,36.568,36.996,14.39,4.3
30/03/2023 23:27:16,37.934,38.192,11.84,3.8
30/03/2023 08:44:25,37.227,38.087,7.01,3.5
30/03/2023 06:47:26,38.188,38.337,7,3.7
30/03/2023 06:14:01,38.204,38.321,6.99,3.8
30/03/2023 01:24:24,36.292,37.923,6.98,3.5
30/03/2023 01:21:29,36.194,36.086,15.17,3.9
29/03/2023 21:44:20,36.61,37.856,7.01,4.1
29/03/2023 20:08:37,36.884,37.374,7.69,4
29/03/2023 17:05:55,36.286,37.936,7.01,4
29/03/2023 16:51:41,36.251,38.079,8.11,3.7
29/03/2023 16:47:02,36.257,37.917,9.38,4.5
29/03/2023 16:36:54,36.246,37.909,13.16,3.9
29/03/2023 13:58:38,38.175,38.188,7.01,4
29/03/2023 03:27:11,37.936,38.173,12.76,3.8
29/03/2023 02:50:28,38.573,38.139,7,3.5
28/03/2023 13:00:00,37.033,38.057,7,3.7
28/03/2023 10:55:15,36.39,37.776,7.03,3.9
28/03/2023 06:26:04,37.698,38.026,7,3.7
27/03/2023 23:32:29,38.281,38.269,7.38,3.7
27/03/2023 18:47:54,37.361,38.12,7,3.5
27/03/2023 17:21:46,36.606,37.834,7,3.6
27/03/2023 17:13:17,36.902,37.099,8.03,3.8
27/03/2023 14:35:15,36.519,38.069,8.7,4.5
26/03/2023 23:56:32,36.062,36.19,7.44,3.8
26/03/2023 14:58:12,36.252,37.892,7,3.6
26/03/2023 12:28:13,39.022,38.237,7,3.6
25/03/2023 07:00:41,37.27,38.388,12.03,3.5
25/03/2023 06:33:38,36.282,37.942,9.44,4.2
25/03/2023 04:39:32,37.023,38.059,7,4.5
24/03/2023 15:06:14,38.442,38.124,8.39,3.9
24/03/2023 13:51:24,36.268,37.933,7,3.8
24/03/2023 13:10:32,37.588,38.009,15.5,4.4
24/03/2023 07:41:22,38.284,38.267,9.61,3.5
24/03/2023 00:39:53,36.416,38.021,7.34,4.7
23/03/2023 21:17:06,36.632,38.101,7,3.7
23/03/2023 19:48:38,36.469,38.016,6.39,3.7
23/03/2023 15:14:47,36.454,38.022,7.04,3.7
23/03/2023 10:04:55,36.489,38.016,6.28,4.2
23/03/2023 09:23:47,36.466,38.007,7,4
23/03/2023 09:19:51,36.459,38.04,12.9,5.3
23/03/2023 07:43:51,37.484,38.096,6.99,3.8
23/03/2023 06:05:17,36.225,36.294,7.14,3.9
23/03/2023 05:45:21,36.639,37.909,7,4.3
23/03/2023 05:21:13,39.858,38.52,6.96,3.5
22/03/2023 19:43:23,38.119,38.184,6.99,4.4
22/03/2023 08:27:28,37.703,38.06,10.67,3.5
21/03/2023 20:08:25,37.384,38.15,6.98,3.5
21/03/2023 17:49:49,37.586,38.006,7.01,3.7
21/03/2023 14:21:56,37.311,38.042,7.59,3.5
21/03/2023 11:29:31,38.497,38.125,7.06,3.6
21/03/2023 08:41:48,36.372,38.001,6.98,3.6
21/03/2023 08:40:47,36.354,38.043,8.47,3.8
21/03/2023 08:27:54,36.256,37.816,11.3,3.9
21/03/2023 07:36:01,36.39,38.069,7.21,3.6
21/03/2023 03:45:27,37.441,38.246,7,3.5
21/03/2023 02:34:27,37.818,38.291,7,3.5
20/03/2023 23:33:30,38.492,38.106,6.16,3.5
20/03/2023 20:42:43,37.786,38.105,7,4.1
20/03/2023 17:47:20,38.474,38.085,6.39,3.8
20/03/2023 16:08:11,37.689,38.303,7,3.5
20/03/2023 15:40:34,36.653,37.299,7,4.1
20/03/2023 09:57:07,37.205,38.069,15.36,4.3
20/03/2023 07:57:01,38.588,38.137,7,3.5
19/03/2023 20:06:20,35.297,37.832,7,3.5
19/03/2023 19:35:06,36.461,38.023,7,3.7
19/03/2023 18:47:53,36.45,38.008,7,3.5
19/03/2023 17:53:48,36.467,38.026,7,3.7
19/03/2023 14:18:28,36.318,37.918,7.09,3.6
19/03/2023 13:36:38,36.461,38.016,7,3.6
19/03/2023 13:12:25,36.466,38.006,7.03,3.7
19/03/2023 12:56:45,36.464,38.003,7.35,4.1
19/03/2023 12:54:25,36.469,38.006,7,4.4
19/03/2023 08:44:19,35.05,35.358,17.03,4.1
19/03/2023 07:39:02,38.147,37.99,7,3.6
19/03/2023 07:25:26,37.941,38.182,6.96,4
19/03/2023 03:31:45,37.482,38.009,10.42,3.7
19/03/2023 01:19:33,37.342,38.034,7.33,3.6
18/03/2023 23:21:34,36.309,37.057,6.98,3.6
18/03/2023 23:14:38,37.342,37.959,7.33,3.8
18/03/2023 12:43:43,35.987,35.334,18.74,3.9
18/03/2023 09:31:06,36.259,37.142,6.97,3.7
18/03/2023 09:25:31,36.373,37.789,6.99,4.2
18/03/2023 07:55:41,38.281,38.286,6.68,3.9
18/03/2023 07:38:08,36.372,37.951,6.87,3.7
18/03/2023 05:14:29,36.454,38.024,7,4.6
18/03/2023 01:40:04,36.619,37.855,7.05,3.9
17/03/2023 18:20:40,36.584,37.809,7,3.9
17/03/2023 13:24:10,36.674,38.155,12.39,4
17/03/2023 01:41:12,36.522,38.005,7,4.1
16/03/2023 23:32:09,36.539,38.002,7.19,3.5
16/03/2023 19:59:13,34.289,36.438,16.04,4.3
16/03/2023 19:38:38,36.637,37.879,7,3.7
16/03/2023 13:13:18,36.325,37.972,8.95,3.8
16/03/2023 12:12:32,36.842,37.276,7,3.6
16/03/2023 12:02:54,36.26,36.419,10.51,3.6
15/03/2023 21:28:28,36.254,37.919,7,3.7
15/03/2023 05:49:33,37.494,37.984,7.72,4
15/03/2023 03:29:55,36.305,37.138,7,3.9
14/03/2023 18:55:16,38.543,38.152,7.12,3.9
14/03/2023 14:49:47,37.384,37.84,5.34,4.9
14/03/2023 11:57:56,36.193,37.791,6.7,3.8
14/03/2023 11:33:23,36.581,38.038,6.96,3.7
14/03/2023 06:47:34,36.976,38.135,7,4.7
14/03/2023 05:16:59,36.483,36.829,10.63,3.7
14/03/2023 02:27:52,38.552,38.139,7.03,3.9
13/03/2023 15:56:58,38.679,38.193,6.17,3.6
13/03/2023 15:06:20,36.24,36.406,7,3.7
13/03/2023 06:17:45,38.686,38.187,7,3.7
13/03/2023 02:23:44,38.657,38.174,10.49,3.5
13/03/2023 02:23:14,36.505,36.828,11.21,4.4
13/03/2023 02:13:51,38.673,38.186,8.08,4.5
13/03/2023 01:34:29,38.677,38.189,10.14,4.7
12/03/2023 22:41:28,36.643,38.048,7,3.8
12/03/2023 20:55:11,38.143,38.277,7,3.5
12/03/2023 19:41:40,36.491,36.879,10.96,3.5
12/03/2023 13:36:46,35.329,35.461,6.83,3.9
12/03/2023 13:01:21,36.485,38.029,6.64,3.5
12/03/2023 12:31:21,36.253,37.91,8.17,4.4
12/03/2023 09:14:55,36.367,37.236,7,3.9
12/03/2023 01:40:52,35.31,37.856,8.37,3.6
11/03/2023 19:35:16,35.668,36.976,7,4
11/03/2023 11:32:09,38.626,38.163,7.11,3.9
11/03/2023 00:39:22,36.386,37.804,7.03,3.6
10/03/2023 18:05:34,37.301,38.242,8.57,3.5
10/03/2023 07:58:34,37.493,37.985,7.01,3.9
10/03/2023 02:28:13,35.326,38.693,7,4.8
09/03/2023 23:34:16,38.486,38.125,7.24,4.1
09/03/2023 21:08:48,36.912,37.141,7,4.1
09/03/2023 18:55:27,38.442,38.107,9.6,4.5
09/03/2023 16:09:33,38.076,38.575,7,3.6
08/03/2023 21:44:04,37.037,37.299,7,4
08/03/2023 14:52:00,36.623,37.865,7,3.7
08/03/2023 09:30:19,36.337,37.902,15.2,3.8
08/03/2023 09:26:28,36.674,37.893,11.25,3.7
08/03/2023 03:23:37,37.239,38.085,6.83,3.5
07/03/2023 20:30:30,38.314,38.069,5.12,3.5
07/03/2023 20:18:18,38.154,38.179,8.6,3.7
07/03/2023 17:55:39,36.349,37.889,7,3.7
07/03/2023 14:18:20,37.407,38.828,7,4.2
07/03/2023 11:53:38,35.263,38.707,8.52,4.3
07/03/2023 11:48:03,35.32,38.701,7,4.4
07/03/2023 11:47:27,35.283,38.699,16.4,4.7
07/03/2023 11:30:54,37.512,38.003,7,3.8
07/03/2023 11:13:50,36.301,37.877,17.72,3.7
07/03/2023 09:40:11,36.55,37.711,7.52,4.4
07/03/2023 07:40:02,38.686,38.209,7.02,3.5
06/03/2023 22:14:57,36.123,36.123,7.05,4.1
06/03/2023 20:52:54,36.142,36.104,6.05,3.5
06/03/2023 13:03:24,37.283,38.239,13.02,4
06/03/2023 11:02:58,35.953,36.351,7,4.1
06/03/2023 08:14:16,36.152,36.108,22.54,3.5
06/03/2023 06:27:27,36.675,38.081,7,3.5
06/03/2023 05:51:08,37.921,37.891,12.13,3.9
06/03/2023 04:13:56,36.191,37.623,9.88,3.7
06/03/2023 02:16:03,35.964,36.253,6.97,3.5
06/03/2023 00:18:55,36.237,37.931,10.27,3.5
05/03/2023 23:24:03,36.258,37.925,8.46,3.6
05/03/2023 21:50:12,36.687,37.999,6.99,3.7
05/03/2023 20:49:46,36.158,36.762,5.39,4.5
05/03/2023 19:07:15,36.552,38.06,7,3.7
05/03/2023 12:19:19,36.617,37.886,7.17,3.5
05/03/2023 12:08:08,36.855,38.139,7,3.6
05/03/2023 06:25:39,38.174,34.542,5.91,4
05/03/2023 01:11:19,36.631,37.849,7,3.7
04/03/2023 17:54:26,37.268,38.024,13.54,3.5
04/03/2023 10:26:24,36.991,37.493,4.63,4
04/03/2023 05:27:33,38.244,38.109,7,4.4
04/03/2023 05:26:19,38.091,38.86,9.07,3.6
04/03/2023 03:03:41,36.157,36.27,7.23,4
04/03/2023 00:20:09,36.262,38.122,7,4.1
03/03/2023 23:30:46,36.569,37.994,7,3.6
03/03/2023 19:34:45,36.006,36.251,7.12,3.6
03/03/2023 14:18:41,36.868,37.441,7,3.8
03/03/2023 08:04:21,36.29,37.96,7.02,3.9
03/03/2023 06:44:15,38.677,38.19,7.03,3.9
03/03/2023 04:39:46,36.624,37.831,9.87,3.9
03/03/2023 02:53:42,36.602,37.847,7.06,5
02/03/2023 20:16:43,36.596,38.052,7.84,3.9
02/03/2023 13:35:53,38.156,38.217,7.11,3.7
02/03/2023 12:40:00,36.121,37.737,7,3.6
02/03/2023 05:57:28,36.275,36.383,7,3.5
02/03/2023 01:18:46,37.034,38.079,5.66,3.8
01/03/2023 22:52:13,36.371,37.971,9.4,3.6
01/03/2023 18:04:14,36.854,37.41,7,3.5
01/03/2023 16:38:00,37.025,37.304,7.6,4.3
01/03/2023 12:42:51,37.661,37.973,16.67,3.5
01/03/2023 11:06:56,37.652,38.029,15.22,3.7
01/03/2023 07:20:22,36.073,36.318,11.06,4.4
01/03/2023 04:15:30,37.856,37.833,7,4.2
01/03/2023 02:23:21,37.044,38.017,7,4.4
28/02/2023 23:32:10,37.037,37.311,9.32,4
28/02/2023 21:17:44,36.438,38.052,7,3.7
28/02/2023 18:51:44,37.036,37.326,7.14,3.9
28/02/2023 16:59:09,35.301,38.749,7,4
28/02/2023 15:16:38,35.29,38.747,7,4.4
28/02/2023 14:49:15,36.647,37.842,13.61,4.1
28/02/2023 14:39:53,36.628,37.837,9.88,4.5
28/02/2023 12:42:15,36.252,37.385,12.93,4.1
28/02/2023 10:23:38,37.074,37.288,7,3.8
28/02/2023 08:18:22,38.542,38.118,7.77,3.6
28/02/2023 07:26:13,36.41,37.954,6.89,3.5
28/02/2023 06:57:35,37.52,38.098,7,3.5
28/02/2023 06:38:14,37.766,38.108,7,4.1
28/02/2023 06:26:49,37.464,38.094,7,3.7
28/02/2023 04:29:15,36.396,37.973,7.69,3.6
28/02/2023 02:18:58,38.268,38.281,7,4.1
27/02/2023 19:12:00,36.633,37.877,7,4
27/02/2023 16:16:45,37.576,37.934,7.34,4.1
27/02/2023 15:06:35,38.188,37.994,7.02,3.5
27/02/2023 13:52:27,37.585,37.936,7,3.6
27/02/2023 13:36:40,37.534,37.969,7,3.5
27/02/2023 09:43:55,37.296,38.061,7,3.6
27/02/2023 09:04:49,38.303,38.272,6.15,5.6
27/02/2023 06:28:49,37.586,37.921,7.15,3.5
27/02/2023 06:19:46,37.007,38.013,3.52,4.3
27/02/2023 04:47:46,37.234,38.054,7.34,3.6
27/02/2023 02:51:20,37.584,37.932,8.51,5
26/02/2023 23:45:18,35.859,36.114,23.59,3.6
26/02/2023 20:33:14,37.194,38.083,7,3.8
26/02/2023 20:13:12,38.704,38.202,8.89,3.7
26/02/2023 17:25:29,36.912,37.356,7.18,3.5
26/02/2023 07:16:49,37.834,38.191,7.07,3.7
26/02/2023 05:21:57,36.525,36.8,12.17,3.8
26/02/2023 04:37:39,37.074,38.074,7,4
26/02/2023 02:26:29,35.926,36.076,13.29,4.5
25/02/2023 23:46:46,37.362,38.252,8.74,3.6
25/02/2023 15:30:30,36.691,38.16,10.74,3.9
25/02/2023 14:51:49,36.393,36.754,11.35,3.7
25/02/2023 14:35:22,38.707,38.193,8.22,3.9
25/02/2023 12:41:12,37.046,38.061,5.32,4.7
25/02/2023 11:58:29,36.562,37.774,7.07,3.6
25/02/2023 10:48:18,38.689,38.184,8.42,3.7
25/02/2023 08:58:39,37.491,38.386,7,4.2
25/02/2023 08:25:48,36.571,37.999,7,3.5
25/02/2023 07:28:18,37.592,37.99,7,3.5
25/02/2023 06:03:49,37.851,38.133,7.1,3.6
25/02/2023 03:38:42,36.781,37.286,5.32,3.5
25/02/2023 01:12:20,35.922,36.138,16.05,4
25/02/2023 00:50:50,38.699,38.202,9.93,3.7
24/02/2023 22:31:10,37.459,38,7.19,3.7
24/02/2023 20:37:06,37.142,38.031,7.01,3.9
24/02/2023 20:25:29,38.696,38.201,7,4.7
24/02/2023 20:10:46,35.122,35.547,21.67,4
24/02/2023 18:37:51,37.363,38.843,6.85,3.6
24/02/2023 17:19:58,37.399,38.839,7,4.7
24/02/2023 14:01:57,34.004,37.958,3.41,4.5
24/02/2023 13:56:30,38.288,38.276,7,3.8
24/02/2023 10:05:16,36.744,37.338,4.33,3.7
24/02/2023 08:17:46,36.614,38.022,7,3.6
24/02/2023 06:12:51,35.916,36.109,6.39,3.7
24/02/2023 05:46:17,35.97,36.326,7.29,4
24/02/2023 00:30:00,38.19,38.135,7.03,3.5
24/02/2023 00:29:58,38.174,38.219,6.98,3.6
23/02/2023 23:01:11,36.249,37.916,7,3.8
23/02/2023 22:08:10,39.674,38.567,9.22,3.6
23/02/2023 20:26:14,37.499,38.378,6.7,3.7
23/02/2023 20:12:35,35.288,35.732,8.37,3.6
23/02/2023 18:53:54,37.169,37.46,9.05,3.7
23/02/2023 17:52:39,36.501,38.091,7,4.1
23/02/2023 17:52:29,37.437,38.253,7,3.5
23/02/2023 17:37:20,36.237,38.074,7,3.7
23/02/2023 15:53:47,36.053,36.136,8.75,5
23/02/2023 14:33:45,36.815,38.078,7.04,3.7
23/02/2023 12:46:41,36.194,36.11,7,3.8
23/02/2023 12:01:07,37.767,38.069,11.09,3.6
23/02/2023 11:41:42,37.764,38.074,6.97,4.4
23/02/2023 10:58:24,37.506,38.392,11.26,3.9
23/02/2023 05:00:43,36.594,38,6.99,3.6
23/02/2023 03:23:03,37.105,37.335,10.49,4.1
23/02/2023 02:45:01,35.297,38.707,15.41,3.9
23/02/2023 01:42:57,36.168,36.23,10.35,4.3
22/02/2023 22:43:45,36.989,37.483,7,3.8
22/02/2023 22:40:01,36.067,36.311,7,3.7
22/02/2023 20:36:06,38.404,38.126,7,4.1
22/02/2023 14:43:46,37.788,38.129,7,3.6
22/02/2023 07:58:24,37.863,38.155,7.01,3.8
22/02/2023 07:56:53,37.868,38.141,16.57,4.3
22/02/2023 05:50:50,37.283,38.228,7,4.1
22/02/2023 04:40:01,36.632,38.084,7,4.1
22/02/2023 01:54:47,36.136,36.156,14.35,3.7
22/02/2023 01:26:06,34.967,35.567,7,4.1
21/02/2023 19:13:19,35.574,35.472,6.06,3.8
21/02/2023 17:25:57,37.866,38.119,7.02,3.8
21/02/2023 16:06:48,36.074,36.146,7,4.2
21/02/2023 14:07:06,37.024,37.318,12.77,3.7
21/02/2023 13:35:19,36.521,38.04,14.4,3.7
21/02/2023 12:52:27,37.209,37.513,10.05,3.5
21/02/2023 12:42:26,38.769,38.222,12.08,3.7
21/02/2023 11:55:54,37.351,38.061,7,4
21/02/2023 10:09:37,37.25,37.559,12.99,3.9
21/02/2023 09:56:45,38.608,38.195,11.59,4.1
21/02/2023 08:24:02,36.015,36.106,6.9,3.7
21/02/2023 08:11:50,35.852,36.127,16.39,4
21/02/2023 07:46:23,37.644,38.053,7.11,3.9
21/02/2023 07:34:16,36.033,36.251,6.6,3.7
21/02/2023 07:16:20,36.129,36.289,8.97,3.5
21/02/2023 06:28:51,35.994,36.188,6.62,3.7
21/02/2023 05:47:48,37.362,38.683,18.67,3.7
21/02/2023 05:38:16,36.505,38.071,7.14,3.7
21/02/2023 03:12:57,38.679,38.169,4.26,3.9
21/02/2023 02:27:42,37.143,38.079,13.08,3.7
21/02/2023 00:01:00,37.425,38.009,5,3.8
20/02/2023 23:21:13,37.386,38.033,7.67,4.4
20/02/2023 22:56:56,35.954,36.134,7,4.2
20/02/2023 21:34:50,36.631,38.094,7.01,3.8
20/02/2023 21:16:41,35.909,36.164,7,3.7
20/02/2023 19:09:20,36.052,36.267,10.65,4.1
20/02/2023 19:00:14,36.043,36.171,7,4.2
20/02/2023 18:47:01,36.037,36.286,7,3.5
20/02/2023 18:36:30,35.988,36.221,11.54,3.5
20/02/2023 18:30:52,36.073,36.288,7,3.8
20/02/2023 18:26:16,36.018,36.22,7.41,3.5
20/02/2023 17:43:02,36.205,36.42,7,3.7
20/02/2023 17:41:32,36.107,36.498,7.62,3.6
20/02/2023 17:38:45,35.956,36.204,7,4.1
20/02/2023 17:34:00,36.071,36.156,15.14,3.6
20/02/2023 17:28:52,36.053,36.285,7.06,3.6
20/02/2023 17:26:31,36.097,36.305,6.93,3.5
20/02/2023 17:24:08,36.017,36.246,6.96,3.5
20/02/2023 17:19:10,35.363,35.97,8.1,4.1
20/02/2023 17:16:53,35.953,36.244,6.28,3.6
20/02/2023 17:16:16,35.081,36.249,6.97,3.8
20/02/2023 17:15:31,35.88,36.133,7.18,3.5
20/02/2023 17:14:18,35.992,36.254,7.07,4
20/02/2023 17:13:20,36.012,36.284,7,3.9
20/02/2023 17:10:18,36.052,36.258,12.79,3.8
20/02/2023 17:07:34,35.978,36.186,6.64,5.8
20/02/2023 17:05:45,36.243,36.076,6.63,4.9
20/02/2023 17:04:27,36.021,36.037,21.73,6.4
20/02/2023 16:50:45,36.921,38.085,7,3.7
20/02/2023 11:24:04,37.82,37.728,13.15,3.6
20/02/2023 08:52:57,37.606,38.008,7.21,3.5
20/02/2023 04:46:12,37.218,37.524,7.09,3.5
20/02/2023 02:29:34,39.989,38.718,7.04,4.4
20/02/2023 01:48:59,36.812,38.086,6.99,4.5
20/02/2023 01:07:37,39.963,38.692,14.56,4.6
20/02/2023 01:07:04,39.988,38.701,7,3.7
20/02/2023 00:47:58,38.166,38.228,7.01,3.6
20/02/2023 00:39:01,39.962,38.702,13.26,4.8
20/02/2023 00:37:29,39.989,38.706,11.85,4.7
19/02/2023 23:57:26,38.747,38.255,8.63,4.3
19/02/2023 23:57:03,37.262,38.233,6.56,3.6
19/02/2023 21:30:30,36.872,37.393,9.82,4.2
19/02/2023 19:20:50,36.624,37.851,7,3.6
19/02/2023 18:15:43,37.785,38.118,6.98,3.9
19/02/2023 17:59:36,36.771,38.04,7.01,3.9
19/02/2023 17:51:48,37.698,38.039,7,3.8
19/02/2023 15:33:07,37.906,38.072,6.93,3.5
19/02/2023 14:18:43,37.387,37.835,8.92,3.9
19/02/2023 13:38:09,38.487,38.117,7,3.5
19/02/2023 12:04:32,38.233,38.277,7,4.7
19/02/2023 12:02:23,36.386,37.792,6.98,3.5
19/02/2023 08:08:37,37.436,38.011,7,3.9
19/02/2023 06:55:38,37.167,37.521,10.39,4
19/02/2023 05:46:34,37.19,37.474,11.99,4
19/02/2023 04:17:03,36.84,37.252,9.45,3.7
19/02/2023 04:07:40,36.835,37.236,4.98,4.5
19/02/2023 04:06:17,36.829,37.251,5.22,3.9
19/02/2023 04:03:40,36.846,37.241,5.15,3.5
19/02/2023 03:59:11,36.825,37.25,10.07,4.3
19/02/2023 02:54:05,36.916,38.108,7,3.6
19/02/2023 01:36:26,36.618,38.093,6.76,3.5
19/02/2023 00:56:10,36.224,38.091,12.5,4.4
19/02/2023 00:53:32,36.646,38.074,7.01,3.6
18/02/2023 21:52:51,37.017,37.21,6.97,3.6
18/02/2023 20:56:06,36.497,36.854,13.07,4.1
18/02/2023 20:51:49,36.308,37.873,9.64,3.8
18/02/2023 20:36:36,35.93,36.204,7,3.5
18/02/2023 19:47:07,36.592,38.067,7.1,3.8
18/02/2023 19:31:31,36.602,38.08,6.2,5.1
18/02/2023 18:44:46,38.638,38.195,7.69,3.7
18/02/2023 18:15:11,37.812,38.073,10.13,3.5
18/02/2023 16:57:41,37.326,38.01,7,3.8
18/02/2023 16:53:32,36.969,37.152,2.51,3.5
18/02/2023 16:14:39,38.171,38.075,7,4.3
18/02/2023 16:06:53,36.288,37.841,7,3.9
18/02/2023 07:21:33,37.391,38.002,12.26,3.9
18/02/2023 06:29:50,36.589,38.071,7,3.9
18/02/2023 05:26:04,37.17,38.076,15.04,4.1
18/02/2023 03:50:01,36.429,37.858,6.99,3.7
18/02/2023 02:19:52,36.984,38.073,7.32,3.6
18/02/2023 01:36:57,36.607,37.92,6.94,3.8
17/02/2023 22:10:48,36.669,37.879,7,3.5
17/02/2023 21:52:30,36.857,38.06,5.07,3.6
17/02/2023 19:31:30,36.536,37.977,7,3.7
17/02/2023 19:10:37,38.223,38.242,7,4
17/02/2023 18:28:25,37.274,37.595,12.75,4
17/02/2023 16:33:57,36.324,37.876,7,4
17/02/2023 16:20:40,36.297,37.919,6.68,3.8
17/02/2023 15:34:37,39.665,38.627,7,4.6
17/02/2023 15:01:29,37.792,37.857,7.62,3.8
17/02/2023 14:58:55,36.322,37.94,10.11,4.5
17/02/2023 10:57:03,36.226,37.873,6.76,3.9
17/02/2023 10:48:07,36.291,37.876,6.92,3.7
17/02/2023 06:06:09,38.192,38.257,7,4.1
17/02/2023 05:50:14,36.137,36.288,7.09,3.6
17/02/2023 04:49:00,37.534,37.728,7,3.5
17/02/2023 02:47:35,37.37,38.123,6.66,3.6
17/02/2023 00:49:18,37.216,37.522,6.6,4
17/02/2023 00:11:38,38.131,38.875,12.34,4
16/02/2023 23:53:23,37.973,37.932,10.02,4
16/02/2023 23:23:37,37.227,37.51,5.93,3.5
16/02/2023 21:35:55,36.454,36.668,5.64,3.6
16/02/2023 19:47:50,35.752,36.253,9.26,5.1
16/02/2023 16:51:46,36.607,38.012,11.37,3.8
16/02/2023 16:38:31,37.509,37.985,11.9,4
16/02/2023 15:20:11,37.799,38.111,7.22,3.5
16/02/2023 15:11:47,37.32,38.853,9.39,3.7
16/02/2023 14:53:10,38.659,38.174,7.51,3.8
16/02/2023 14:45:41,37.847,38.183,7,4.7
16/02/2023 12:08:25,36.521,38.078,5.98,3.7
16/02/2023 11:24:10,36.004,36.551,7,3.6
16/02/2023 11:16:23,35.858,35.883,10.31,4.7
16/02/2023 09:48:02,37.805,38.168,7.13,3.6
16/02/2023 08:21:51,36.455,37.882,7,4
16/02/2023 06:20:16,35.37,37.636,7,3.8
16/02/2023 05:56:40,36.851,37.383,7.01,3.8
16/02/2023 05:18:55,38.576,38.151,7.03,4.4
16/02/2023 04:58:23,36.929,37.154,7,3.5
16/02/2023 03:02:01,36.585,37.861,7.03,3.5
16/02/2023 01:55:54,38.515,38.078,7.59,3.5
16/02/2023 01:30:53,35.904,36.318,7.06,3.5
16/02/2023 00:34:31,38.551,38.154,7.06,3.8
16/02/2023 00:22:29,37.421,38.018,4.54,3.5
16/02/2023 00:15:26,36.592,38.077,5.88,3.8
15/02/2023 23:43:38,36.873,37.405,7.11,3.8
15/02/2023 22:42:56,36.558,37.809,7.12,3.5
15/02/2023 22:33:47,36.604,38.095,7,3.7
15/02/2023 22:25:57,36.633,38.056,10,4.5
15/02/2023 21:29:40,36.865,37.255,8.23,3.7
15/02/2023 21:04:41,37.488,38.584,6.97,3.5
15/02/2023 20:10:50,36.553,37.796,12.96,3.5
15/02/2023 19:49:17,36.085,36.321,7,3.7
15/02/2023 18:49:03,37.86,37.789,14.31,4
15/02/2023 18:34:55,38.655,38.208,11.89,3.7
15/02/2023 17:38:23,36.556,37.81,9.76,3.5
15/02/2023 16:56:15,36.636,37.942,5.61,3.9
15/02/2023 15:58:32,36.056,36.252,5.64,3.6
15/02/2023 15:35:01,37.161,37.408,7,3.8
15/02/2023 15:21:10,36.551,38.092,7,3.8
15/02/2023 14:46:11,35.854,36.087,7,3.5
15/02/2023 14:08:22,37.011,37.413,8.17,3.8
15/02/2023 13:46:45,36.741,38.088,7,3.7
15/02/2023 12:22:51,38.109,38.221,7.89,4
15/02/2023 10:23:15,37.934,38.417,6.8,3.8
15/02/2023 10:14:20,36.446,38.032,11.42,4
15/02/2023 10:14:20,36.444,38.031,10.1,3.8
15/02/2023 10:01:54,36.719,37.188,7,3.7
15/02/2023 08:20:01,37.154,37.37,12.41,3.5
15/02/2023 07:56:29,38.556,38.14,18.3,3.5
15/02/2023 07:36:28,36.424,38.028,15.8,4.7
15/02/2023 06:25:29,36.661,38.087,12.3,4.6
15/02/2023 05:48:08,36.593,38.117,7.79,3.5
15/02/2023 05:45:41,37.808,38.119,6.98,3.6
15/02/2023 04:42:39,37.134,37.51,7.71,3.7
15/02/2023 01:43:56,36.674,37.155,7,3.5
15/02/2023 00:47:36,37.489,37.994,6.83,3.5
15/02/2023 00:06:03,36.507,36.839,6.51,4.2
14/02/2023 23:14:01,37.423,38.616,12.48,4.6
14/02/2023 22:09:25,37.039,38.001,7.02,3.5
14/02/2023 21:53:14,36.451,36.672,9.79,3.9
14/02/2023 21:36:13,36.58,37.363,8.39,3.5
14/02/2023 20:08:03,37.725,37.768,5.69,3.8
14/02/2023 17:58:12,38.696,38.977,6.7,3.5
14/02/2023 16:51:09,37.808,38.322,22.65,3.7
14/02/2023 15:50:37,37.135,38.036,7.01,4.1
14/02/2023 15:04:08,37.634,37.964,7.15,3.5
14/02/2023 13:13:04,37.965,37.941,12,4.1
14/02/2023 11:54:11,36.051,36.091,7,4.1
14/02/2023 11:08:26,36.593,38.022,7.01,3.5
14/02/2023 11:07:45,36.368,37.967,7.1,4.1
14/02/2023 11:04:13,36.605,38.068,6.94,3.7
14/02/2023 06:41:31,36.242,37.925,7.03,3.6
14/02/2023 04:58:43,37.462,38.11,7,3.7
14/02/2023 04:36:47,38.565,38.146,7,3.7
14/02/2023 03:59:19,37.693,37.819,7,3.5
14/02/2023 03:05:15,36.611,38.057,7,3.8
14/02/2023 02:49:24,38.036,38.217,7,3.5
14/02/2023 01:56:33,36.369,36.647,7,3.5
14/02/2023 00:54:59,37.836,38.091,7,3.5
14/02/2023 00:50:56,36.611,37.977,10.49,3.9
13/02/2023 23:49:34,36.481,38.039,7,3.9
13/02/2023 19:20:26,36.392,38.033,10.52,4.8
13/02/2023 18:28:39,36.5,37.98,7,3.8
13/02/2023 17:13:31,36.608,38.105,10.47,3.6
13/02/2023 16:41:47,37.004,37.278,7,3.5
13/02/2023 15:21:21,38.701,38.203,13.69,4.2
13/02/2023 15:18:10,36.496,36.8,6.81,3.8
13/02/2023 15:15:03,36.289,37.86,8.56,4.2
13/02/2023 14:47:55,38.575,38.162,7.04,3.9
13/02/2023 14:45:44,37.847,37.81,8.36,3.8
13/02/2023 14:28:15,38.586,38.146,7.35,4.5
13/02/2023 14:08:03,37.295,38.019,7,3.9
13/02/2023 14:00:13,37.249,38.039,7.26,3.9
13/02/2023 12:57:19,37.736,38.354,7,3.5
13/02/2023 11:59:17,36.575,36.919,6.96,4.6
13/02/2023 11:09:59,37.801,38.1,7.04,3.6
13/02/2023 09:59:40,36.766,38.049,7.01,3.6
13/02/2023 09:55:42,38.503,38.178,11.31,3.7
13/02/2023 09:23:03,37.406,38.052,7.45,3.8
13/02/2023 09:16:36,36.952,37.469,7.17,3.7
13/02/2023 09:10:41,36.975,37.467,5.19,3.6
13/02/2023 07:58:25,36.471,38.02,6.98,3.5
13/02/2023 07:18:53,37.061,37.486,8.34,3.7
13/02/2023 06:16:53,37.477,37.993,9.56,3.5
13/02/2023 04:51:21,37.834,38.119,7.72,3.8
13/02/2023 03:35:04,36.906,37.347,10.2,3.7
13/02/2023 03:12:27,38.221,38.288,7,3.5
13/02/2023 01:12:45,36.337,37.954,10.17,3.7
12/02/2023 22:52:59,36.617,38.046,7,4.6
12/02/2023 22:02:07,35.896,36.092,6.45,3.6
12/02/2023 21:58:59,37.317,38.001,14.42,3.7
12/02/2023 21:32:31,36.457,38.031,7,3.6
12/02/2023 21:21:38,36.537,36.848,6.15,3.9
12/02/2023 19:49:03,37.111,37.505,8.68,3.8
12/02/2023 19:02:29,37.041,37.319,9.23,4.1
12/02/2023 18:33:14,36.941,37.392,8.14,4.6
12/02/2023 18:11:28,36.942,37.391,6.96,3.5
12/02/2023 17:58:51,37.048,37.308,7,3.8
12/02/2023 17:28:16,36.657,38.094,7,4
12/02/2023 16:29:48,38.097,38.873,7,4.9
12/02/2023 15:46:30,38.019,38.185,26.3,4.1
12/02/2023 15:30:06,37.872,38.135,6.99,3.6
12/02/2023 14:30:03,36.579,37.844,14.41,4.2
12/02/2023 13:29:12,38.301,38.07,7.18,4.4
12/02/2023 12:30:39,38.197,37.988,7.02,4
12/02/2023 12:25:24,36.709,36.952,10.46,4
12/02/2023 12:12:03,36.617,37.872,6.98,3.6
12/02/2023 10:41:03,37.308,38.18,7.11,3.5
12/02/2023 10:00:23,38.199,38.241,7.76,4
12/02/2023 09:56:02,36.31,36.434,7.19,3.8
12/02/2023 09:32:23,36.19,36.277,6.97,3.7
12/02/2023 09:02:33,37.85,38.169,7,3.5
12/02/2023 08:38:09,38.024,38.131,19.1,3.7
12/02/2023 08:22:09,35.548,35.87,14.63,3.6
12/02/2023 08:14:11,37.25,38.072,8.85,3.9
12/02/2023 07:54:57,37.71,37.752,7,3.6
12/02/2023 07:37:14,36.601,38.053,6.94,3.5
12/02/2023 07:31:45,37.242,38.056,7.01,3.7
12/02/2023 07:12:37,35.667,35.602,16.84,3.5
12/02/2023 07:01:30,36.574,37.433,6.99,3.7
12/02/2023 06:48:35,36.702,37.191,7,3.8
12/02/2023 06:15:22,38.593,38.137,2.22,3.8
12/02/2023 05:24:26,36.529,36.872,10.84,3.7
12/02/2023 04:52:57,37.454,37.988,11.47,4.2
12/02/2023 04:46:29,36.333,36.432,13.89,3.9
12/02/2023 04:29:13,38.252,37.977,7,4.1
12/02/2023 04:22:33,37.713,38.028,7,4
12/02/2023 04:14:41,37.826,38.12,7.41,3.6
12/02/2023 03:53:29,38.476,38.101,8.17,4.1
12/02/2023 03:33:21,36.637,37.841,7.02,3.8
12/02/2023 03:29:25,36.985,38.035,7,3.5
12/02/2023 02:35:09,37.484,38.001,7.31,3.5
12/02/2023 02:27:15,36.041,36.237,15.28,4
12/02/2023 02:06:31,38.603,38.152,10.54,3.7
12/02/2023 01:13:26,38.218,38.261,12.64,3.6
12/02/2023 00:51:22,38.057,38.177,12.72,3.9
12/02/2023 00:05:37,37.824,38.151,7.01,3.5
11/02/2023 23:30:55,36.474,38.066,5.6,4.2
11/02/2023 23:26:49,37.058,38.068,11.41,3.9
11/02/2023 23:10:15,37.005,37.285,6.41,3.7
11/02/2023 22:29:14,36.451,36.68,5.13,4.6
11/02/2023 21:21:54,36.956,38.092,6.17,3.8
11/02/2023 21:20:57,37.058,37.37,5.68,3.6
11/02/2023 21:01:15,37.492,37.683,7.01,3.7
11/02/2023 20:47:22,36.273,36.311,8.22,3.9
11/02/2023 20:39:03,37.882,37.868,12.75,4.3
11/02/2023 20:28:35,36.082,36.23,11.21,3.9
11/02/2023 19:48:56,37.932,38.199,7,3.7
11/02/2023 19:15:49,36.731,37.229,7.33,3.6
11/02/2023 17:50:15,38.719,38.208,10.76,4.4
11/02/2023 17:20:00,36.059,36.257,7,4.3
11/02/2023 17:15:00,36.94,38.054,7,3.6
11/02/2023 15:07:15,37.226,38.051,7.27,3.5
11/02/2023 14:54:37,36.452,38.007,6.56,3.8
11/02/2023 14:40:42,36.451,38.002,7.04,3.9
11/02/2023 14:38:02,36.448,38.014,7.01,4.4
11/02/2023 14:11:25,36.361,37.989,7.02,4.1
11/02/2023 13:58:18,36.521,38.018,5.97,4
11/02/2023 13:46:48,39.646,38.469,9.64,3.5
11/02/2023 13:09:58,38.081,38.861,7,4.6
11/02/2023 12:54:58,36.609,38.082,6.96,4.3
11/02/2023 11:59:53,36.653,37.841,7,3.9
11/02/2023 11:56:33,36.954,37.406,8,3.6
11/02/2023 11:51:41,36.24,36.514,7,4.2
11/02/2023 11:31:17,37.802,38.139,7.1,3.6
11/02/2023 11:05:16,36.677,38.159,6.96,4.2
11/02/2023 09:03:34,38.219,38.103,12.44,4.2
11/02/2023 08:24:29,37.636,38.043,7.01,3.7
11/02/2023 07:55:42,36.955,37.176,7.01,4.5
11/02/2023 06:38:12,36.856,37.328,7.95,3.5
11/02/2023 06:28:12,36.62,38.086,6.98,4.2
11/02/2023 06:06:22,38.185,37.991,7.51,4.1
11/02/2023 05:55:52,36.611,37.833,7.07,3.5
11/02/2023 05:26:32,37.785,38.123,5.96,3.5
11/02/2023 05:05:21,38.283,38.292,6.99,3.5
11/02/2023 04:47:03,36.56,37.811,7,4.2
11/02/2023 04:36:21,37.361,38.031,7,3.7
11/02/2023 04:30:58,37.808,38.128,6.97,3.5
11/02/2023 03:38:24,38.439,38.006,7,4.1
11/02/2023 03:11:10,37.322,37.593,9.93,4
11/02/2023 02:03:53,36.342,37.967,7,3.7
11/02/2023 01:36:31,36.969,37.203,8.68,3.7
11/02/2023 01:22:10,38.585,38.129,7.02,3.6
11/02/2023 00:50:25,36.608,37.878,6.95,3.6
11/02/2023 00:24:41,36.424,36.639,9.72,4.2
10/02/2023 23:31:42,36.644,37.844,11.5,3.7
10/02/2023 23:18:07,37.826,38.088,7,3.7
10/02/2023 22:13:00,36.934,38.088,8.16,3.7
10/02/2023 21:32:06,36.354,37.947,5.34,3.6
10/02/2023 21:20:38,39.705,38.566,12.27,4
10/02/2023 21:12:01,38.242,38.223,6.4,3.8
10/02/2023 21:08:27,35.335,37.486,5.73,3.6
10/02/2023 20:43:05,38.138,38.184,11.18,3.7
10/02/2023 20:33:50,37.348,38.072,5.32,3.6
10/02/2023 20:12:45,38.588,38.101,7.34,3.9
10/02/2023 18:26:18,36.771,38.091,7,4
10/02/2023 17:50:48,36.063,36.234,4.13,3.6
10/02/2023 17:35:30,36.97,38.076,7.5,3.7
10/02/2023 17:31:24,38.58,38.192,12.49,4.2
10/02/2023 17:00:50,36.236,37.919,7.07,4.8
10/02/2023 16:43:22,38.258,36.908,7,3.8
10/02/2023 16:26:16,37.075,37.492,7.5,3.8
10/02/2023 16:00:28,38.107,38.24,7.01,3.5
10/02/2023 15:58:55,36.503,37.991,7,3.6
10/02/2023 15:29:21,37.959,37.948,7.01,4
10/02/2023 15:22:32,38.641,38.198,9.03,3.5
10/02/2023 14:09:01,37.205,37.481,14.36,3.5
10/02/2023 13:40:26,38.332,38.055,7.17,3.7
10/02/2023 13:29:13,38.19,38.274,6.96,3.6
10/02/2023 13:02:41,38.141,38.244,10.29,3.7
10/02/2023 12:46:19,39.779,38.587,10.25,3.6
10/02/2023 12:33:13,36.912,38.066,7,3.6
10/02/2023 11:55:25,36.339,37.884,7,3.9
10/02/2023 11:29:28,37.077,37.504,7.22,4
10/02/2023 10:01:21,38.183,38.256,7.03,4.2
10/02/2023 09:02:49,38.237,38.07,10.19,4
10/02/2023 08:22:22,37.766,38.169,2.22,3.6
10/02/2023 08:17:29,35.194,35.253,9.46,4.2
10/02/2023 08:05:33,38.274,38.284,6.66,3.7
10/02/2023 07:57:03,36.596,38.004,6.98,3.5
10/02/2023 07:29:30,38.179,38.27,7.02,3.8
10/02/2023 07:05:04,36.836,37.389,9.9,3.8
10/02/2023 07:04:42,36.84,37.389,10.75,4
10/02/2023 06:36:45,37.444,37.976,11.64,4.1
10/02/2023 06:21:36,36.617,38.01,5.54,3.6
10/02/2023 05:28:46,36.57,38,7,3.8
10/02/2023 05:11:22,38.446,38.072,7.23,3.5
10/02/2023 04:53:50,38.49,38.159,7,4.1
10/02/2023 04:50:23,38.141,38.235,10.45,5
10/02/2023 04:39:55,36.134,38.119,7,3.5
10/02/2023 03:45:22,36.233,37.934,7,3.6
10/02/2023 03:22:48,36.358,37.958,7.12,3.7
10/02/2023 03:01:03,36.568,38.11,7,3.6
10/02/2023 02:03:40,38.239,38.225,7.02,4.5
10/02/2023 01:50:59,36.606,37.877,7,4.6
10/02/2023 01:33:12,37.245,37.533,11.59,3.5
10/02/2023 01:17:00,36.609,38.034,7.05,3.7
10/02/2023 01:15:01,36.386,37.907,5.47,3.5
10/02/2023 00:53:42,37.81,38.086,6.99,3.5
10/02/2023 00:01:28,38.236,38.255,7.01,3.9
10/02/2023 00:01:25,37.788,38.043,7.09,3.6
09/02/2023 23:48:29,36.487,38.016,19.3,3.9
09/02/2023 23:38:23,36.087,36.106,13.38,3.6
09/02/2023 22:48:42,36.273,36.372,7,3.6
09/02/2023 22:06:39,36.657,37.136,7,4.1
09/02/2023 22:01:35,36.468,37.791,7.01,3.7
09/02/2023 22:00:22,36.687,38.151,7.07,3.9
09/02/2023 21:46:30,36.84,37.254,8.98,4.3
09/02/2023 19:58:31,38.124,38.231,6.82,3.8
09/02/2023 19:37:45,36.459,37.988,7.03,3.7
09/02/2023 19:21:20,37.794,38.125,7,3.6
09/02/2023 18:49:36,35.787,36.172,15.49,4
09/02/2023 18:36:09,37.052,37.357,8.41,3.6
09/02/2023 17:51:49,36.557,38.07,7.06,4.1
09/02/2023 16:46:18,38.658,38.166,7,3.7
09/02/2023 16:30:23,38.193,38.041,7.06,3.7
09/02/2023 15:49:15,36.583,38.045,7,3.6
09/02/2023 15:37:27,39.727,38.58,13.98,3.9
09/02/2023 15:18:50,37.032,37.319,7,3.9
09/02/2023 14:37:35,36.839,37.272,10.78,3.6
09/02/2023 14:17:44,37.851,38.155,8.26,3.8
09/02/2023 13:34:11,36.745,38.118,7.02,3.5
09/02/2023 13:30:37,38.688,38.19,14.88,3.8
09/02/2023 13:27:50,37.84,38.156,1.7,4.2
09/02/2023 13:18:57,36.444,37.987,7.14,3.8
09/02/2023 12:52:21,36.42,37.986,6.87,3.7
09/02/2023 12:39:44,36.543,36.903,10.31,3.6
09/02/2023 12:35:21,37.374,37.644,16.65,3.6
09/02/2023 12:32:48,38.153,38.25,7.01,3.7
09/02/2023 12:23:44,36.991,37.296,10.05,3.8
09/02/2023 12:22:03,37.849,38.156,7.04,3.9
09/02/2023 11:48:29,37.726,38.053,7.06,4
09/02/2023 11:03:52,37.719,38.067,6.98,3.9
09/02/2023 10:55:52,37.516,38.004,6.94,3.5
09/02/2023 10:42:24,36.859,37.256,5.21,4.2
09/02/2023 10:32:38,38.415,38.077,7,3.9
09/02/2023 10:27:18,36.556,38.022,7,3.5
09/02/2023 10:25:28,36.553,37.808,7,3.9
09/02/2023 10:19:31,37.806,37.884,3.36,3.6
09/02/2023 09:46:53,38.622,38.147,7,4.5
09/02/2023 09:41:15,38.87,37.484,12.17,3.8
09/02/2023 09:30:29,35.87,36.163,15.48,3.6
09/02/2023 09:16:23,35.917,36.094,6.85,3.6
09/02/2023 09:13:28,35.904,36.05,6.73,3.6
09/02/2023 08:55:37,36.567,37.791,9.75,3.6
09/02/2023 08:54:48,39.776,38.936,10.05,3.5
09/02/2023 07:57:05,36.435,38.036,12.56,3.9
09/02/2023 07:42:07,36.567,38.002,7.92,4.1
09/02/2023 07:18:17,36.646,37.071,10.95,4.9
09/02/2023 07:14:12,37.794,38.13,12.2,3.7
09/02/2023 07:09:45,36.488,36.893,12.68,3.6
09/02/2023 07:07:11,38.61,38.148,10.53,3.9
09/02/2023 07:03:01,37.866,38.11,11.9,3.8
09/02/2023 06:49:48,37.619,37.981,7.51,4.2
09/02/2023 06:45:11,37.601,38.008,7,4.2
09/02/2023 06:37:04,37.607,38.086,6.99,4
09/02/2023 06:12:54,36.618,38.109,6.19,3.7
09/02/2023 05:49:50,36.65,38.086,3.79,3.7
09/02/2023 05:38:23,36.442,38.031,7.39,3.6
09/02/2023 05:37:31,38.233,38.29,7,4.1
09/02/2023 05:25:45,36.957,37.475,7,3.7
09/02/2023 05:24:25,36.634,38.085,7.01,4.2
09/02/2023 05:02:55,36.425,38.009,6.71,4
09/02/2023 04:51:36,38.167,37.948,9.45,3.7
09/02/2023 04:47:47,35.925,36.034,6.04,3.8
09/02/2023 04:34:43,38.505,38.113,7.99,4.1
09/02/2023 04:18:20,36.354,37.966,7,4.2
09/02/2023 04:15:32,38.176,38.369,25.63,3.6
09/02/2023 03:52:18,38.541,38.106,7.01,3.9
09/02/2023 03:28:09,38.704,38.159,13.7,3.6
09/02/2023 03:26:03,38.685,38.19,7.05,4.1
09/02/2023 03:24:52,36.406,36.693,5.2,3.9
09/02/2023 02:55:19,36.391,36.071,7.45,3.5
09/02/2023 02:08:19,36.574,37.994,8.5,3.7
09/02/2023 02:02:11,36.538,38.061,26.66,3.6
09/02/2023 01:44:18,37.672,37.937,7.74,4.5
09/02/2023 01:21:45,36.49,38.041,6.89,3.5
09/02/2023 01:08:46,36.552,37.994,6.85,3.5
09/02/2023 00:51:27,37.843,38.119,6.95,3.5
09/02/2023 00:32:14,39.282,38.455,0.21,4.1
09/02/2023 00:17:59,36.358,36.327,6.39,3.8
08/02/2023 23:47:10,36.436,36.701,7,3.7
08/02/2023 23:27:30,36.038,37.837,7.18,3.5
08/02/2023 23:25:14,36.393,37.057,7,3.8
08/02/2023 23:01:29,36.49,38.072,7.01,3.5
08/02/2023 22:36:48,38.209,38.314,13.78,4.1
08/02/2023 22:06:03,36.826,37.251,7.04,3.7
08/02/2023 21:35:53,37.267,37.586,7.08,3.5
08/02/2023 20:55:34,37.654,38.022,13.09,3.6
08/02/2023 20:12:04,38.164,38.291,7,4
08/02/2023 20:07:03,35.294,38.744,7,3.7
08/02/2023 19:48:11,36.092,36.318,10.11,4.1
08/02/2023 19:13:23,37.163,37.499,7,3.5
08/02/2023 19:05:18,36.526,38.008,7.06,4
08/02/2023 18:51:10,37.188,38.079,12.69,3.5
08/02/2023 18:40:24,37.275,38.022,7,3.6
08/02/2023 18:35:10,37.158,37.53,6.56,3.9
08/02/2023 18:06:49,37.768,38.111,7,3.9
08/02/2023 17:06:37,37.444,38.858,7,3.7
08/02/2023 16:59:20,36.698,37.137,8.3,3.6
08/02/2023 16:55:39,37.207,38.089,17.56,4.2
08/02/2023 16:26:10,35.957,36.369,7,3.7
08/02/2023 16:03:57,36.619,37.831,7,3.5
08/02/2023 15:54:34,36.653,37.154,5.76,3.7
08/02/2023 15:49:57,36.607,37.852,8.55,4.2
08/02/2023 15:46:22,37.074,37.508,7,3.9
08/02/2023 15:12:28,36.619,37.054,12.69,3.9
08/02/2023 15:04:41,36.982,38.061,7,4.2
08/02/2023 14:55:49,38.534,38.162,7,4.3
08/02/2023 14:42:21,36.576,38.051,12.57,4.2
08/02/2023 14:20:25,37.391,37.985,16.69,5
08/02/2023 14:09:40,37.637,37.951,6.55,3.7
08/02/2023 14:04:54,38.217,38.112,12.85,4
08/02/2023 13:31:28,36.672,38.065,7,4
08/02/2023 13:29:26,36.105,36.215,15.73,3.6
08/02/2023 13:22:45,38.186,37.987,10.96,3.8
08/02/2023 12:11:54,37.373,38.856,7,4.1
08/02/2023 12:00:18,37.389,37.554,7,3.5
08/02/2023 11:57:22,36.609,38.098,16.49,3.6
08/02/2023 11:52:10,38.473,38.137,6.24,3.5
08/02/2023 11:44:50,37.322,37.686,8.05,3.5
08/02/2023 11:37:21,36.892,38.088,18.62,3.8
08/02/2023 11:23:59,37.638,37.99,9.74,4.8
08/02/2023 11:11:51,37.641,38.012,13.18,5.3
08/02/2023 11:06:02,36.662,37.991,7.04,3.5
08/02/2023 11:00:18,37.871,38.177,12.22,4.3
08/02/2023 10:34:00,37.384,38.849,7,3.5
08/02/2023 10:31:46,36.308,36.783,7,3.5
08/02/2023 10:26:23,36.953,37.186,5.19,4.5
08/02/2023 09:52:11,36.407,37.981,13.21,4.2
08/02/2023 09:34:35,37.179,37.476,10.44,3.5
08/02/2023 09:13:06,36.392,36.697,15.65,4
08/02/2023 09:06:41,37.662,37.8,8.55,3.6
08/02/2023 08:45:33,37.809,38.069,6.92,4.2
08/02/2023 08:39:09,38.061,38.222,7,3.6
08/02/2023 08:14:12,36.489,38.01,6.53,3.5
08/02/2023 08:03:04,36.542,37.895,7,3.6
08/02/2023 07:51:46,37.206,38.085,7.05,3.5
08/02/2023 07:48:31,36.467,38.021,9.06,5.1
08/02/2023 07:47:50,37.041,37.522,7,3.5
08/02/2023 07:46:27,36.367,36.126,3.95,3.7
08/02/2023 07:28:23,37.658,37.985,7,3.7
08/02/2023 07:23:44,36.161,36.346,17.07,4
08/02/2023 07:20:41,36.446,36.668,8.24,4
08/02/2023 07:19:06,37.296,37.597,14.41,4
08/02/2023 07:15:07,37.526,37.989,10.33,3.5
08/02/2023 07:09:33,37.308,38.242,11.21,3.7
08/02/2023 06:08:59,36.041,36.229,2.69,4.6
08/02/2023 06:08:33,38.347,38.09,6.99,4.3
08/02/2023 06:04:58,38.126,37.965,11.7,3.5
08/02/2023 05:52:35,36.717,38.067,7.01,4.5
08/02/2023 04:58:08,37.47,38.002,7.12,3.9
08/02/2023 04:51:25,36.592,38.029,6.85,3.5
08/02/2023 03:47:08,38.554,38.122,6.54,4
08/02/2023 03:43:03,37.678,37.982,7,4
08/02/2023 03:39:41,37.186,37.543,7.34,4
08/02/2023 03:30:48,36.973,37.435,8.17,3.8
08/02/2023 03:23:08,37.135,37.401,7.11,3.5
08/02/2023 03:23:07,37.142,37.387,5.04,3.7
08/02/2023 03:20:26,36.553,38.04,10.78,4
08/02/2023 03:01:02,36.653,37.167,7,4.1
08/02/2023 02:55:56,36.64,37.172,7.44,3.6
08/02/2023 02:29:51,37.569,38.009,9.01,3.8
08/02/2023 02:25:12,38.04,37.935,9.08,4.3
08/02/2023 02:10:13,36.741,37.249,7.57,3.8
08/02/2023 01:49:11,36.823,38.109,7.04,3.5
08/02/2023 01:46:43,36.49,38.036,11.43,3.6
08/02/2023 01:42:07,36.809,37.225,10.94,3.7
08/02/2023 01:36:37,36.404,38.111,7.01,3.8
08/02/2023 01:19:51,36.527,36.9,6.31,3.7
08/02/2023 01:06:07,37.558,38.001,7,3.8
08/02/2023 00:48:50,37.004,38.15,7,3.9
08/02/2023 00:43:28,39.7,38.557,13.09,3.9
08/02/2023 00:33:39,38.275,38.317,9.02,3.7
08/02/2023 00:22:40,35.336,35.519,6.94,4
08/02/2023 00:11:47,37.634,37.989,7.82,3.9
08/02/2023 00:07:31,36.477,38.049,7.05,3.5
07/02/2023 23:40:00,37.541,38.023,7,4.1
07/02/2023 23:30:06,38.057,38.201,6.97,3.7
07/02/2023 23:25:21,36.059,36.08,9.02,3.5
07/02/2023 23:20:20,36.469,36.634,7.13,3.8
07/02/2023 23:13:03,35.888,36.078,14.3,4.4
07/02/2023 23:08:01,36.618,38.162,9.95,4
07/02/2023 22:47:48,36.649,37.171,7.41,3.7
07/02/2023 22:45:27,36.539,38.062,14.35,3.9
07/02/2023 22:32:49,36.435,38.008,17.94,4
07/02/2023 22:30:43,37.771,38.101,7.03,3.7
07/02/2023 22:19:20,36.447,38.032,7.03,3.7
07/02/2023 22:11:10,36.972,37.171,7.01,3.8
07/02/2023 22:07:54,36.521,38.042,11.73,4
07/02/2023 21:53:35,36.409,38.024,7.05,3.8
07/02/2023 21:49:23,36.573,38.17,7.91,3.6
07/02/2023 21:41:47,37.634,38.057,12.64,3.6
07/02/2023 21:40:50,37.006,37.309,8.92,3.6
07/02/2023 21:35:48,36.613,38.076,7.01,3.5
07/02/2023 21:24:33,37.641,37.942,7.8,3.7
07/02/2023 21:21:25,37.471,37.952,15.84,5
07/02/2023 21:21:11,38.571,38.138,7,3.7
07/02/2023 21:04:51,37.227,37.543,7.37,4
07/02/2023 21:00:37,36.633,37.814,7.52,4.2
07/02/2023 20:52:02,36.61,38.003,7.09,3.6
07/02/2023 20:42:45,36.553,38.024,10.1,3.7
07/02/2023 20:40:31,37.271,37.576,7,3.8
07/02/2023 20:39:33,37.042,38.062,7,3.6
07/02/2023 20:32:21,36.602,37.793,5.63,3.5
07/02/2023 20:30:26,36.638,38.069,9.61,4.1
07/02/2023 20:24:35,37.213,38.086,6.92,3.9
07/02/2023 20:09:51,36.243,36.409,6.83,3.6
07/02/2023 20:01:17,36.599,38.057,7,3.5
07/02/2023 19:54:22,39.877,38.686,17.25,4.7
07/02/2023 19:33:45,36.641,38.087,7,3.9
07/02/2023 19:24:27,37.844,38.135,7,3.8
07/02/2023 19:13:47,36.922,38.074,8.6,4.3
07/02/2023 18:14:06,38.322,38.039,7.02,3.9
07/02/2023 18:12:23,37.791,38.16,6.96,3.9
07/02/2023 18:09:58,36.62,38.085,10.22,5
07/02/2023 18:06:45,36.406,37.975,7.11,3.8
07/02/2023 17:53:51,36.432,37.948,7.83,4.2
07/02/2023 17:52:39,37.077,38.211,7.36,3.5
07/02/2023 17:46:56,36.858,38.084,7,4
07/02/2023 17:42:38,38.617,37.857,7,3.8
07/02/2023 17:40:40,39.322,38.414,7,3.9
07/02/2023 17:37:58,37.691,38.036,7,4
07/02/2023 17:32:16,36.409,38.098,7,3.6
07/02/2023 17:17:10,38.49,38.086,11.61,3.5
07/02/2023 16:54:28,37.241,37.938,7,3.9
07/02/2023 16:51:56,36.412,37.772,8.37,3.8
07/02/2023 16:49:12,36.574,38.04,6.03,4.1
07/02/2023 16:32:23,36.611,37.921,7.01,3.7
07/02/2023 16:30:40,37.362,38.188,7.47,4.3
07/02/2023 16:24:25,37.35,37.596,11.96,3.5
07/02/2023 16:22:15,37.239,38.087,7,4
07/02/2023 16:07:01,36.521,37.92,7.03,3.9
07/02/2023 15:59:48,37.392,38.007,7.02,4.1
07/02/2023 15:55:47,36.422,37.991,7,3.9
07/02/2023 15:50:20,36.408,37.968,7.01,4.7
07/02/2023 15:48:52,36.434,37.959,11.48,5.2
07/02/2023 15:48:38,36.694,37.108,7.02,4.2
07/02/2023 15:37:51,36.656,37.172,7,3.5
07/02/2023 15:31:28,37.041,37.34,13.84,4.9
07/02/2023 15:20:01,37.96,38.218,8.58,3.8
07/02/2023 14:35:32,38.033,38.218,6.92,3.7
07/02/2023 14:34:45,36.623,37.904,7.03,3.9
07/02/2023 14:24:44,36.563,37.979,7.02,3.7
07/02/2023 14:23:16,36.568,38.043,5.05,4.2
07/02/2023 13:56:02,36.384,36.289,7.04,4
07/02/2023 13:51:53,36.219,36.977,7,3.5
07/02/2023 13:42:33,38.7,38.221,7,3.5
07/02/2023 13:36:42,35.904,36.193,12.24,4.3
07/02/2023 13:35:47,36.536,37.986,6.86,3.7
07/02/2023 13:34:09,36.551,38.109,23,4.1
07/02/2023 13:02:25,36.61,37.795,7.05,3.8
07/02/2023 13:01:42,36.618,37.733,7.12,3.8
07/02/2023 12:53:11,38.438,38.103,16.58,3.7
07/02/2023 12:43:38,37.939,38.368,6.54,3.8
07/02/2023 12:41:32,37.878,38.186,7.08,3.9
07/02/2023 12:35:47,37.158,37.489,7,3.6
07/02/2023 12:24:37,36.931,37.151,7,3.5
07/02/2023 12:07:02,38.218,38.284,13.12,4.5
07/02/2023 12:02:07,35.936,36.235,7,3.5
07/02/2023 11:59:21,37.279,38.096,15.58,3.5
07/02/2023 11:55:19,37.445,38.01,7,3.8
07/02/2023 11:47:36,36.601,38.089,7.12,3.9
07/02/2023 11:38:53,37.29,37.592,18.22,3.8
07/02/2023 11:32:09,37.958,38.874,7,3.5
07/02/2023 11:26:43,37.729,38.062,7.17,3.8
07/02/2023 11:24:36,37.719,38.138,7.22,3.7
07/02/2023 11:01:12,37.526,38.011,6.31,4
07/02/2023 10:57:45,36.694,37.802,6.96,4.1
07/02/2023 10:56:29,36.67,37.858,7,4.4
07/02/2023 10:45:40,37.852,37.924,6.85,3.7
07/02/2023 10:41:45,36.526,38.059,5.88,3.9
07/02/2023 10:41:44,36.546,38.081,7,4.1
07/02/2023 10:37:20,36.122,36.095,6.44,4.1
07/02/2023 10:27:29,38.266,38.342,8.13,4.9
07/02/2023 10:18:11,38.561,38.125,6.85,5.1
07/02/2023 10:15:00,38.559,38.112,12.35,3.9
07/02/2023 10:10:45,38.225,38.231,0,3.5
07/02/2023 10:07:17,37.194,37.494,7,4.1
07/02/2023 10:05:34,37.252,38.039,11.51,3.7
07/02/2023 10:03:58,38.19,38.25,6.93,3.5
07/02/2023 10:03:15,36.591,38.018,10.41,3.7
07/02/2023 09:53:31,36.403,38.122,6.98,3.9
07/02/2023 09:46:41,36.933,36.898,7.35,3.6
07/02/2023 09:16:33,36.719,37.117,7.09,3.7
07/02/2023 09:15:32,36.607,38.04,7.01,3.8
07/02/2023 09:14:10,37.155,37.461,9.28,3.5
07/02/2023 08:43:26,36.572,37.993,16.6,3.9
07/02/2023 08:34:20,38.067,38.231,7,3.5
07/02/2023 08:32:06,37.709,38.088,8.63,4.2
07/02/2023 08:31:31,38.626,38.188,7.01,4
07/02/2023 08:25:45,37.546,37.989,15,4.5
07/02/2023 08:20:28,37.57,38.015,7,3.5
07/02/2023 08:18:09,38.643,38.167,6.86,3.8
07/02/2023 08:15:58,38.241,38.323,6.98,3.7
07/02/2023 08:13:14,37.557,37.984,7.73,3.7
07/02/2023 08:08:49,37.208,38.067,9.67,3.5
07/02/2023 07:54:21,36.393,36.546,6.91,4.2
07/02/2023 07:50:00,38.155,37.959,10.1,3.5
07/02/2023 07:45:05,36.503,36.925,14.7,3.8
07/02/2023 07:31:14,36.691,38.322,6.99,3.6
07/02/2023 07:26:34,37.754,38.142,5.01,4.3
07/02/2023 07:25:00,35.151,35.754,7.1,3.7
07/02/2023 07:11:13,38.632,38.159,8.18,5.3
07/02/2023 07:10:06,35.792,36.141,7.36,3.5
07/02/2023 06:48:50,37.724,38.31,9.89,4.6
07/02/2023 06:40:52,36.504,38.019,5.06,4.6
07/02/2023 06:31:40,36.616,37.386,9.14,3.5
07/02/2023 06:26:11,36.92,37.332,7.41,4
07/02/2023 06:20:22,36.566,37.989,6.96,3.6
07/02/2023 06:15:19,38.234,38.222,5.57,4.2
07/02/2023 06:13:52,37.603,37.972,16.67,4.1
07/02/2023 06:06:46,37.837,37.957,8.2,3.5
07/02/2023 05:55:30,37.452,38.077,7.07,3.7
07/02/2023 05:50:17,36.998,38.104,11.77,3.9
07/02/2023 05:48:37,37.037,38.402,6.16,3.8
07/02/2023 05:47:44,38.147,38.002,7.01,3.6
07/02/2023 05:26:31,36.178,36.359,4.93,4.5
07/02/2023 05:20:35,38.498,38.109,7.01,3.7
07/02/2023 04:49:18,37.486,38.048,7.09,3.9
07/02/2023 04:48:53,38.377,38.085,7,3.6
07/02/2023 04:46:43,36.752,37.17,7.02,3.6
07/02/2023 04:42:03,36.538,36.852,8.75,4.4
07/02/2023 04:35:16,37.566,38.049,6.81,4
07/02/2023 04:24:14,36.689,37.966,7.45,3.5
07/02/2023 04:16:39,37.62,37.983,4.13,4.2
07/02/2023 04:06:48,37.201,37.49,7,3.5
07/02/2023 04:02:15,37.171,37.407,10.05,3.9
07/02/2023 03:58:54,37.289,37.575,10,4.3
07/02/2023 03:55:50,38.172,38.118,4.63,4.2
07/02/2023 03:54:04,37.882,38.186,7.03,3.6
07/02/2023 03:51:47,35.867,35.894,6.44,3.7
07/02/2023 03:36:59,36.213,36.291,14.18,4.3
07/02/2023 03:30:01,37.677,37.791,9.71,4.4
07/02/2023 03:29:03,37.517,38.076,7.07,3.9
07/02/2023 03:20:14,36.876,37.26,6.91,3.5
07/02/2023 03:16:15,37.339,37.611,9.3,4.7
07/02/2023 03:13:12,37.655,37.808,8.44,5.4
07/02/2023 03:08:55,37.629,37.975,6.87,5
07/02/2023 03:07:17,37.817,38.096,7.01,3.5
07/02/2023 03:02:53,37.093,37.284,10.61,4.4
07/02/2023 02:55:54,38.069,38.175,7.01,4.1
07/02/2023 02:53:28,36.626,38.074,6.53,4.6
07/02/2023 02:47:37,35.957,36.071,10.76,4.7
07/02/2023 02:45:59,37.898,38.184,7.11,3.9
07/02/2023 02:43:25,37.011,38.013,3.09,4.3
07/02/2023 02:41:55,36.705,37.056,7,3.6
07/02/2023 02:39:01,37.527,38.588,7.03,4.1
07/02/2023 02:37:22,36.517,37.088,7.68,3.9
07/02/2023 02:34:39,36.739,37.869,6.97,4.1
07/02/2023 02:28:19,37.47,37.986,16.72,3.8
07/02/2023 02:28:02,36.406,36.61,4.91,3.8
07/02/2023 02:26:51,37.484,38.234,6.92,3.6
07/02/2023 02:18:52,36.54,37.999,7,3.6
07/02/2023 02:17:20,37.608,38.136,6.86,3.7
07/02/2023 02:17:11,37.635,38.536,7,3.9
07/02/2023 02:12:17,37.667,37.773,5.11,4
07/02/2023 02:11:56,36.628,36.869,7,3.6
07/02/2023 02:06:53,37.491,37.974,6.96,3.6
07/02/2023 02:05:41,37.813,38.139,6.93,3.7
07/02/2023 02:01:53,38.018,38.177,7,3.5
07/02/2023 01:58:03,38.067,37.926,7.37,3.6
07/02/2023 01:51:47,37.208,37.424,7,3.9
07/02/2023 01:50:17,37.767,38.021,7,3.5
07/02/2023 01:34:30,37.001,37.39,6.93,4.4
07/02/2023 01:33:57,37.584,37.987,6.96,4
07/02/2023 01:31:59,36.522,38.001,7.97,4.2
07/02/2023 01:29:18,36.842,38.089,6.84,4.3
07/02/2023 01:18:08,36.435,38.023,6.57,3.6
07/02/2023 01:12:50,37.484,37.975,6.2,3.5
07/02/2023 01:05:21,36.461,36.634,22.58,3.5
07/02/2023 00:55:33,37.533,38.009,7.02,3.7
07/02/2023 00:53:28,37.749,38.022,14.96,3.6
07/02/2023 00:50:24,38.573,38.14,5.46,3.9
07/02/2023 00:46:48,37.869,37.867,12.29,3.5
07/02/2023 00:42:00,36.553,36.874,6.74,3.7
07/02/2023 00:40:08,36.608,38.129,7.21,3.9
07/02/2023 00:38:15,38.534,38.121,6.98,3.7
07/02/2023 00:36:29,36.525,38.007,7.11,3.7
07/02/2023 00:29:15,37.173,37.524,7.58,4
07/02/2023 00:26:21,36.657,38.176,7,3.9
07/02/2023 00:23:45,36.574,38.039,6.83,4.1
07/02/2023 00:20:15,36.625,37.883,7,4.2
07/02/2023 00:15:20,36.829,37.27,26.67,3.5
07/02/2023 00:12:18,36.551,38.038,4.22,4
07/02/2023 00:11:33,37.813,37.848,12.12,3.5
07/02/2023 00:05:39,36.279,36.364,6.95,3.7
07/02/2023 00:03:46,37.201,38.352,7.01,3.6
07/02/2023 00:01:00,37.21,37.491,9.18,3.9
06/02/2023 23:56:02,37.51,37.976,11.7,3.9
06/02/2023 23:54:15,36.667,38.069,6.98,3.8
06/02/2023 23:49:55,36.081,36.248,7.62,3.7
06/02/2023 23:45:43,37.175,38.054,6.99,3.7
06/02/2023 23:36:24,37.151,38.221,7,3.8
06/02/2023 23:32:04,38.236,38.076,7.01,4
06/02/2023 23:30:06,36.584,37.97,7.29,3.9
06/02/2023 23:29:15,35.438,35.627,32.91,4.5
06/02/2023 23:21:06,37.207,38.168,7.09,3.9
06/02/2023 23:17:11,36.527,38.018,6.68,3.5
06/02/2023 23:13:27,37.468,38.002,7.01,4.2
06/02/2023 23:11:38,37.127,38.074,5.7,3.5
06/02/2023 23:01:55,37.804,38.12,7.01,3.5
06/02/2023 22:55:26,36.642,37.936,6.79,4
06/02/2023 22:51:17,36.467,38.026,8.3,3.7
06/02/2023 22:45:03,37.343,37.623,7,3.7
06/02/2023 22:44:54,36.542,38.04,7,4
06/02/2023 22:42:01,38.539,38.161,6.96,3.5
06/02/2023 22:37:38,37.622,37.998,7.08,3.6
06/02/2023 22:34:20,37.459,37.98,7.5,3.8
06/02/2023 22:29:39,36.525,38.058,7.11,4.4
06/02/2023 22:28:07,37.609,38.052,8.24,3.7
06/02/2023 22:26:17,37.505,37.992,7.38,4.3
06/02/2023 22:23:35,37.411,38.06,3.47,3.6
06/02/2023 22:20:42,37.345,37.673,6.99,3.6
06/02/2023 22:14:01,37.401,38.027,6.95,3.7
06/02/2023 22:11:35,38.191,38.31,4.77,4.4
06/02/2023 22:09:50,36.921,38.077,6.93,4
06/02/2023 22:06:14,37.826,37.836,11.49,3.8
06/02/2023 22:04:42,37.236,37.524,4.65,3.9
06/02/2023 22:01:06,37.177,37.825,6.97,3.8
06/02/2023 21:57:43,36.52,38.049,3.8,4.8
06/02/2023 21:51:33,37.258,38.071,6.53,3.7
06/02/2023 21:41:26,36.565,38.008,6.86,4
06/02/2023 21:39:39,35.889,36.732,7.27,4.1
06/02/2023 21:38:46,36.698,37.139,6.98,4.1
06/02/2023 21:35:08,36.701,37.017,6.35,3.5
06/02/2023 21:34:38,35.908,36.037,6.69,3.6
06/02/2023 21:24:59,37.533,38.018,7,3.7
06/02/2023 21:23:38,38.227,37.183,7,3.8
06/02/2023 21:19:46,38.219,38.26,7.03,3.6
06/02/2023 21:15:17,37.04,38.062,17.4,5
06/02/2023 21:13:46,37.176,37.492,7.05,3.8
06/02/2023 21:12:58,37.068,37.36,6.83,3.6
06/02/2023 21:06:30,37.167,37.522,6.78,4
06/02/2023 21:03:15,36.841,37.238,7,3.6
06/02/2023 21:02:05,36.485,36.669,7.31,4.7
06/02/2023 20:58:13,36.361,37.937,7.02,4.2
06/02/2023 20:55:48,36.421,38.019,6.99,4.5
06/02/2023 20:54:00,36.438,38.007,7.86,4.8
06/02/2023 20:53:22,38.255,38.247,5.7,4.8
06/02/2023 20:44:00,36.576,37.975,9.7,4.8
06/02/2023 20:41:29,37.413,37.704,6.96,4.1
06/02/2023 20:40:05,38.07,38.24,5.82,5.2
06/02/2023 20:37:51,37.046,37.293,5.96,5.5
06/02/2023 20:35:01,37.733,37.906,7.37,3.6
06/02/2023 20:26:12,38.159,37.974,7,3.6
06/02/2023 20:23:10,38.715,38.199,6.99,4.1
06/02/2023 20:21:54,36.411,38.041,10.28,4.1
06/02/2023 20:15:54,35.875,36.154,7.3,3.7
06/02/2023 20:14:10,36.473,38.025,7.02,4.4
06/02/2023 20:13:09,37.993,38.204,7.01,3.7
06/02/2023 20:11:47,37.706,38.044,7.06,4.3
06/02/2023 20:10:20,37.052,37.302,7.01,3.5
06/02/2023 20:08:28,37.685,38.036,6.95,3.8
06/02/2023 20:05:34,36.427,38.038,6.9,4.8
06/02/2023 20:05:22,37.803,38.143,6.93,4
06/02/2023 20:02:26,36.592,37.89,7.04,3.8
06/02/2023 19:57:59,36.594,37.885,11.8,4
06/02/2023 19:54:55,38.339,38.067,7,3.6
06/02/2023 19:52:38,38.765,38.252,7.06,3.9
06/02/2023 19:49:38,36.601,38.081,10.18,4.4
06/02/2023 19:47:57,36.586,37.994,6.92,4.1
06/02/2023 19:46:32,38.454,38.129,7,3.8
06/02/2023 19:43:42,37.808,38.111,7.02,4
06/02/2023 19:40:15,38.207,38.076,4.31,4.5
06/02/2023 19:37:36,37.895,38.146,6.79,3.9
06/02/2023 19:35:49,37.164,37.536,8.99,4.5
06/02/2023 19:30:59,37.32,38.06,4.81,4.6
06/02/2023 19:25:00,36.644,37.872,7.04,4.3
06/02/2023 19:24:17,37.47,37.71,7.06,3.6
06/02/2023 19:15:46,36.472,38.041,10.28,4.4
06/02/2023 19:12:30,37.461,38.019,13.17,4.1
06/02/2023 19:10:30,36.492,38.023,7.89,4
06/02/2023 18:55:53,38.241,37.931,7.04,3.7
06/02/2023 18:53:37,38.193,37.99,7.07,3.8
06/02/2023 18:51:19,36.58,36.906,7.77,4.2
06/02/2023 18:50:00,37.103,37.444,8.38,4
06/02/2023 18:48:46,38.207,38.277,7.04,4.1
06/02/2023 18:41:38,37.856,38.102,11.9,3.7
06/02/2023 18:40:07,36.472,38.026,7.02,3.5
06/02/2023 18:32:38,38.205,38.006,7.03,4.1
06/02/2023 18:31:24,36.62,37.89,7.21,3.9
06/02/2023 18:26:43,37.694,37.827,6.9,3.5
06/02/2023 18:23:50,36.533,38.018,7,3.7
06/02/2023 18:17:48,38.548,38.147,10.02,4.1
06/02/2023 18:15:27,37.774,38.075,7.08,3.9
06/02/2023 18:05:01,36.403,38.004,7.03,5
06/02/2023 18:03:54,36.484,38.043,12.79,5.2
06/02/2023 18:02:44,36.575,38.169,6.99,4.5
06/02/2023 18:01:41,37.552,38.008,7,3.6
06/02/2023 17:54:32,36.984,37.441,7.04,3.7
06/02/2023 17:51:31,37.808,38.429,7,3.6
06/02/2023 17:48:57,38.053,38.211,11.35,4.1
06/02/2023 17:46:49,37.86,38.18,12.81,4.4
06/02/2023 17:40:35,37.955,38.118,7,3.7
06/02/2023 17:33:02,37.146,37.451,5.12,4.1
06/02/2023 17:31:33,36.72,37.145,10.53,4.5
06/02/2023 17:29:36,37.683,38.047,7,3.9
06/02/2023 17:26:24,36.606,38.1,5.15,4.6
06/02/2023 17:22:02,36.512,38.111,7.09,4.3
06/02/2023 17:19:07,37.862,38.121,7.09,4
06/02/2023 17:16:16,36.456,38.054,6.96,3.9
06/02/2023 17:11:47,37.437,38.072,3.13,4.4
06/02/2023 17:04:42,37.591,38.024,7,3.5
06/02/2023 17:01:18,36.871,38.125,7.01,4
06/02/2023 16:55:34,37.392,38.021,7.06,4.5
06/02/2023 16:53:44,36.578,38.048,7.63,4
06/02/2023 16:51:56,37.58,38.019,7.04,4
06/02/2023 16:49:19,38.176,38.264,6.94,4
06/02/2023 16:46:38,36.498,38.043,7.19,4.5
06/02/2023 16:43:27,36.472,38.024,10.06,5.1
06/02/2023 16:35:16,39.091,38.241,7,4.5
06/02/2023 16:32:12,37.561,37.852,7,3.8
06/02/2023 16:32:11,36.424,36.69,10.18,4.7
06/02/2023 16:28:08,36.875,37.381,7,4.6
06/02/2023 16:26:39,36.374,38.044,6.99,4.8
06/02/2023 16:25:00,36.458,38.053,10.59,4.1
06/02/2023 16:22:44,36.487,38.009,7.16,4
06/02/2023 16:21:45,36.47,38.061,7.01,4.1
06/02/2023 16:12:56,36.921,37.37,6.95,3.9
06/02/2023 16:10:37,37.201,38.09,7,3.8
06/02/2023 16:07:48,38.169,38.25,4.01,4.1
06/02/2023 16:06:41,37.001,38.074,7.01,4.1
06/02/2023 16:02:14,37.422,38.002,4.02,4.1
06/02/2023 15:59:25,37.578,38.002,7.05,4.2
06/02/2023 15:54:05,37.093,37.272,7,3.5
06/02/2023 15:52:42,37.804,37.873,7,4
06/02/2023 15:51:21,37.783,38.119,7,4.1
06/02/2023 15:49:46,36.86,38.108,7.78,3.7
06/02/2023 15:48:02,36.617,37.956,12.7,3.9
06/02/2023 15:44:07,36.585,38.061,6.21,4.4
06/02/2023 15:40:00,36.638,37.907,5.6,4.7
06/02/2023 15:38:03,37.665,37.834,0.43,4.6
06/02/2023 15:33:31,38.182,38.239,11.15,5.3
06/02/2023 15:27:21,37.136,38.04,7,3.7
06/02/2023 15:22:12,37.834,38.038,7,3.7
06/02/2023 15:21:32,37.237,37.555,6.12,4.1
06/02/2023 15:20:13,37.859,38.146,6.99,3.9
06/02/2023 15:14:32,37.667,37.977,7.04,5
06/02/2023 15:10:42,36.529,38.05,6.89,3.9
06/02/2023 15:08:06,37.654,37.962,14.34,4.2
06/02/2023 15:03:43,36.639,37.077,6.97,3.6
06/02/2023 15:01:23,36.629,38.027,7.12,4
06/02/2023 14:57:45,37.833,38.109,7,4.4
06/02/2023 14:55:34,37.865,38.135,9.09,4.2
06/02/2023 14:53:50,36.593,36.874,5.56,4
06/02/2023 14:51:15,38.491,38.008,7.2,4.4
06/02/2023 14:48:25,36.39,38.077,6.98,3.5
06/02/2023 14:41:56,37.908,38.143,6.26,4.1
06/02/2023 14:41:40,36.311,37.122,6.75,3.8
06/02/2023 14:37:54,36.61,36.949,6.8,4.1
06/02/2023 14:33:05,37.908,38.043,7.43,4.1
06/02/2023 14:29:57,36.42,37.962,7.02,4.7
06/02/2023 14:27:43,36.51,36.853,9.17,4.7
06/02/2023 14:27:09,37.701,38.145,6.22,3.5
06/02/2023 14:24:49,37.184,37.514,7,4
06/02/2023 14:23:29,37.661,38.026,6.8,3.6
06/02/2023 14:22:39,38.119,38.327,6.87,3.8
06/02/2023 14:20:49,38.216,38.24,6.98,4.1
06/02/2023 14:17:16,37.541,37.984,7.47,4.1
06/02/2023 14:14:51,36.873,37.456,7.18,4.2
06/02/2023 14:11:03,39.425,38.191,7.23,3.9
06/02/2023 14:10:10,37.467,38.003,7.17,4.7
06/02/2023 14:04:48,36.471,37.976,2.85,4.4
06/02/2023 14:03:07,37.768,38.076,7.02,4.1
06/02/2023 13:58:48,36.633,38.011,6.3,4.2
06/02/2023 13:49:05,36.896,37.143,6.1,3.5
06/02/2023 13:44:49,37.555,38.007,8.76,5.1
06/02/2023 13:39:23,37.628,38.037,7.2,5.3
06/02/2023 13:36:18,37.19,37.411,12.43,3.6
06/02/2023 13:36:09,36.178,36.364,7,4
06/02/2023 13:33:16,37.735,37.733,7.02,4.1
06/02/2023 13:28:49,37.804,38.142,7.06,3.8
06/02/2023 13:25:22,38.39,38.073,7.02,3.6
06/02/2023 13:17:42,36.591,38.084,3.94,5.2
06/02/2023 13:16:37,37.877,38.135,6.96,4
06/02/2023 13:13:59,38.153,37.975,6.97,4.3
06/02/2023 13:03:15,37.475,37.979,6.98,4.3
06/02/2023 13:00:13,38.194,38.337,7.06,4.3
06/02/2023 12:58:45,36.621,37.975,6.95,4.1
06/02/2023 12:55:45,36.609,38.023,6.95,4.2
06/02/2023 12:54:40,36.722,38.06,7.02,4.6
06/02/2023 12:52:48,36.983,37.492,7,3.9
06/02/2023 12:47:59,36.986,38.137,12.18,4.3
06/02/2023 12:45:20,36.476,38,7.11,4.3
06/02/2023 12:39:15,38.201,38.247,7,4.4
06/02/2023 12:36:44,36.475,38.025,7.1,4.8
06/02/2023 12:36:35,38.323,38.051,9.92,4.6
06/02/2023 12:34:41,38.234,38.251,7.11,4.8
06/02/2023 12:32:46,38.184,37.96,7.17,4.3
06/02/2023 12:28:38,38.457,38.094,7.01,4.1
06/02/2023 12:27:47,36.913,37.186,6.77,3.7
06/02/2023 12:21:18,36.435,38.027,6.96,4.5
06/02/2023 12:19:10,37.8,38.017,8.52,3.8
06/02/2023 12:16:27,36.932,37.205,7,3.5
06/02/2023 12:13:45,37.483,37.988,7,5.1
06/02/2023 12:13:13,37.726,37.951,7,4.1
06/02/2023 12:11:01,38.352,38.061,7,3.9
06/02/2023 12:02:11,36.478,38.071,17.04,5.9
06/02/2023 12:00:44,37.85,38.14,6.98,4.7
06/02/2023 11:58:35,37.674,38.033,5.51,4.8
06/02/2023 11:55:57,36.613,37.992,7.36,4.4
06/02/2023 11:50:05,36.501,38.037,15.14,4.4
06/02/2023 11:49:37,36.922,37.664,1.09,3.8
06/02/2023 11:48:51,38.012,38.224,7.53,3.6
06/02/2023 11:44:05,38.149,38.259,6.59,4.7
06/02/2023 11:43:50,37.094,37.341,6.81,3.8
06/02/2023 11:39:41,36.529,38.052,7.03,4.8
06/02/2023 11:35:26,37.504,38.005,7.48,4.5
06/02/2023 11:34:17,37.739,38.07,7,4
06/02/2023 11:30:42,38.067,38.255,6.52,4.4
06/02/2023 11:27:58,38.272,38.057,7.02,4.4
06/02/2023 11:25:52,36.717,37.179,7,3.9
06/02/2023 11:21:53,37.477,37.749,7,3.8
06/02/2023 11:20:21,37.867,38.174,6.81,4.3
06/02/2023 11:16:42,36.387,37.883,5.87,4.4
06/02/2023 11:13:45,37.723,37.655,7,3.8
06/02/2023 11:11:39,37.392,38.012,8.61,4.8
06/02/2023 11:05:35,36.571,38.108,5.35,4.8
06/02/2023 11:04:36,36.816,38.103,3.26,4.4
06/02/2023 11:01:35,37.419,37.976,7.01,4.5
06/02/2023 11:00:52,38.019,38.133,7.55,4.4
06/02/2023 10:56:24,37.625,38.021,7,4.6
06/02/2023 10:55:04,38.296,38.301,6.83,4.6
06/02/2023 10:54:37,36.419,37.981,7.07,4.4
06/02/2023 10:51:30,38.151,38.305,10.4,5.7
06/02/2023 10:46:56,36.823,38.095,6.98,4.7
06/02/2023 10:43:25,37.157,38.086,7,4.3
06/02/2023 10:42:39,38.06,38.219,14.65,4.5
06/02/2023 10:41:13,36.433,37.991,6.99,4.4
06/02/2023 10:38:56,37.636,37.978,7.3,4.7
06/02/2023 10:35:57,37.92,38.172,11.28,5.9
06/02/2023 10:34:48,37.433,37.989,7.02,4.9
06/02/2023 10:33:42,37.856,38.126,6.92,4.9
06/02/2023 10:32:08,37.241,38.064,10.93,5.5
06/02/2023 10:26:46,38.271,38.332,6.89,5.8
06/02/2023 10:24:47,37.239,38.089,7,7.6
06/02/2023 10:21:38,37.372,37.605,5.3,3.6
06/02/2023 10:14:56,37.366,37.59,7,3.7
06/02/2023 10:12:14,38.404,38.09,5.48,4.3
06/02/2023 10:07:31,35.302,35.424,7.08,4.6
06/02/2023 10:01:28,36.408,36.619,7,3.7
06/02/2023 09:58:27,36.645,37.091,7,3.7
06/02/2023 09:57:18,36.934,37.108,5.04,3.9
06/02/2023 09:54:21,37.652,37.8,7,4
06/02/2023 09:50:22,37.125,37.65,7.29,3.5
06/02/2023 09:48:43,39.515,38.87,7,4.2
06/02/2023 09:43:51,38.743,38.276,16.23,3.9
06/02/2023 09:36:16,36.888,37.251,13.29,4.7
06/02/2023 09:35:58,38.046,37.524,6.94,3.6
06/02/2023 09:23:44,36.431,36.974,8.4,4.6
06/02/2023 09:21:00,38.132,38.035,7,4.4
06/02/2023 09:14:39,38.442,38.078,7,3.6
06/02/2023 09:11:43,36.848,37.371,6.97,3.8
06/02/2023 09:08:43,37.685,37.84,7,3.5
06/02/2023 09:05:52,37.065,37.476,8.48,4
06/02/2023 09:01:35,36.426,36.639,5.17,3.6
06/02/2023 08:58:36,38.31,38.03,7.85,4.5
06/02/2023 08:52:37,37.155,37.518,7,4.6
06/02/2023 08:47:01,36.118,36.708,7,3.8
06/02/2023 08:45:33,37.151,37.391,9.09,4
06/02/2023 08:44:41,38.433,38.134,7.15,3.5
06/02/2023 08:40:19,38.307,38.078,7.95,3.8
06/02/2023 08:25:50,37.034,37.186,7.04,3.8
06/02/2023 08:21:32,37.417,37.8,7.16,3.6
06/02/2023 08:08:39,36.994,37.238,12.27,3.8
06/02/2023 08:04:41,37.671,37.83,7.05,3.5
06/02/2023 08:02:13,38.002,37.892,15.5,4.5
06/02/2023 07:47:35,38.127,37.978,7.02,3.5
06/02/2023 07:43:09,37.838,37.947,7,3.7
06/02/2023 07:41:12,37.946,37.935,7.69,4.2
06/02/2023 07:38:44,36.937,37.139,7,3.8
06/02/2023 07:35:36,37.075,37.331,6.32,3.9
06/02/2023 07:33:59,37.116,37.378,12.58,3.6
06/02/2023 07:32:34,38.186,37.993,7,3.6
06/02/2023 07:31:02,37.186,37.341,7,4.1
06/02/2023 07:26:57,38.299,38.109,6.37,3.7
06/02/2023 07:25:51,37.205,37.417,6.67,4.2
06/02/2023 07:21:05,37.155,37.536,7,4
06/02/2023 07:19:28,38.002,37.919,6.98,3.8
06/02/2023 07:12:11,37.069,37.301,7.26,3.8
06/02/2023 07:08:31,36.425,36.639,7,4.4
06/02/2023 07:04:07,37.176,37.506,6.92,4
06/02/2023 06:59:05,37.169,37.522,7.32,4.2
06/02/2023 06:54:57,37.457,37.733,7,5
06/02/2023 06:53:55,37.331,37.677,7,3.5
06/02/2023 06:51:01,36.838,37.218,6.71,3.6
06/02/2023 06:51:01,36.838,37.256,7,3.5
06/02/2023 06:43:27,38.241,38.002,7,4.3
06/02/2023 06:43:10,37.394,37.826,8,4.1
06/02/2023 06:38:09,36.519,36.815,6.92,4.2
06/02/2023 06:34:54,37.023,37.292,7,3.5
06/02/2023 06:34:08,38.474,38.133,7,3.7
06/02/2023 06:33:20,37.025,37.292,7,3.6
06/02/2023 06:31:39,37.992,37.922,7,3.7
06/02/2023 06:29:17,37.959,37.805,18.82,3.6
06/02/2023 06:27:50,38.29,38.044,7.01,4.2
06/02/2023 06:26:28,37.02,37.28,10.97,4.5
06/02/2023 06:21:36,37.992,37.621,7,3.6
06/02/2023 06:21:22,38.598,37.057,7,4
06/02/2023 06:17:59,38.419,38.106,10.53,3.8
06/02/2023 06:16:20,36.873,37.092,5.87,3.5
06/02/2023 06:14:38,37.1,37.351,5.7,3.9
06/02/2023 06:09:11,37.181,37.197,7,3.7
06/02/2023 06:09:03,37.064,37.073,6.96,3.7
06/02/2023 06:06:58,37.683,37.951,7.5,3.7
06/02/2023 06:00:05,37.143,37.386,7.02,3.9
06/02/2023 05:55:49,38.473,38.08,3.33,4.4
06/02/2023 05:52:05,37.249,37.556,6.92,3.7
06/02/2023 05:50:24,38.496,38.677,9.47,3.6
06/02/2023 05:48:32,37.89,37.892,7.01,3.9
06/02/2023 05:44:54,36.246,36.396,13.59,4.3
06/02/2023 05:43:00,38.458,38.11,7.01,3.9
06/02/2023 05:41:37,37.71,37.859,12.62,3.5
06/02/2023 05:40:36,38.172,37.985,7.05,4.2
06/02/2023 05:39:21,37.919,37.851,5.73,3.6
06/02/2023 05:36:32,36.143,36.339,13.07,4.5
06/02/2023 05:33:08,38.335,38.099,12.21,4.3
06/02/2023 05:32:11,38.254,38.008,13.44,3.7
06/02/2023 05:31:22,38.327,38.113,8.31,4.1
06/02/2023 05:25:17,37.132,37.471,20.37,3.6
06/02/2023 05:22:51,37.301,37.568,18.55,3.8
06/02/2023 05:22:50,38.473,38.114,13.59,4.4
06/02/2023 05:21:44,37.222,37.508,12.32,3.7
06/02/2023 05:19:46,38.393,38.089,12.05,4.2
06/02/2023 05:17:56,38.464,38.107,7,4.1
06/02/2023 05:16:54,37.773,37.854,12.4,4.4
06/02/2023 05:12:51,37.22,37.518,5.05,4
06/02/2023 05:12:10,36.705,37.17,7.82,3.6
06/02/2023 05:08:36,36.869,37.361,7.97,4.2
06/02/2023 05:06:31,36.608,37.088,7.1,3.5
06/02/2023 05:03:50,37.445,37.72,23.67,3.9
06/02/2023 05:01:48,37.891,37.887,11.67,4.7
06/02/2023 04:58:07,37.374,37.59,6.43,3.9
06/02/2023 04:56:04,37.219,37.467,10.14,4.4
06/02/2023 04:54:42,37.238,37.443,7,3.6
06/02/2023 04:46:36,38.2,38.008,7.85,3.7
06/02/2023 04:45:02,37.058,37.509,6.32,4.1
06/02/2023 04:42:16,38.608,38.114,7.01,3.7
06/02/2023 04:39:44,37.749,37.841,10.65,4.7
06/02/2023 04:37:45,38.455,38.098,7.03,3.6
06/02/2023 04:31:08,37.963,37.877,9.28,4.1
06/02/2023 04:31:08,37.939,37.908,7,3.7
06/02/2023 04:31:01,36.787,37.305,7,4
06/02/2023 04:27:47,37.811,37.881,9.4,3.7
06/02/2023 04:24:44,37.281,37.572,10.83,4.2
06/02/2023 04:18:44,38.57,38.186,7.37,4.8
06/02/2023 04:16:49,37.237,37.521,7.06,4.6
06/02/2023 04:14:16,37.188,37.578,7,3.5
06/02/2023 04:13:37,37.25,37.537,7.01,3.8
06/02/2023 04:11:40,38.666,38.275,7,3.8
06/02/2023 04:10:45,37.287,37.574,7.01,3.5
06/02/2023 04:07:08,38.732,38.07,6.94,3.9
06/02/2023 04:05:57,36.968,37.166,7.47,4.4
06/02/2023 04:05:15,37.523,37.718,13.46,4.4
06/02/2023 04:03:27,37.798,37.858,7,4
06/02/2023 04:01:15,36.818,37.304,7,3.8
06/02/2023 03:58:19,36.357,36.527,7.06,4.2
06/02/2023 03:56:51,36.814,37.314,7,3.9
06/02/2023 03:49:28,36.903,37.348,7,3.9
06/02/2023 03:46:54,39.473,38.476,7,3.9
06/02/2023 03:45:46,38.621,38.26,14.71,4.8
06/02/2023 03:43:09,38.156,38.059,7.52,3.6
06/02/2023 03:36:18,38.5,38.11,7,3.8
06/02/2023 03:34:45,38.656,38.27,7,3.6
06/02/2023 03:28:43,38.544,38.126,7.01,4.2
06/02/2023 03:24:29,37.862,37.838,6.48,4.4
06/02/2023 03:22:43,38.634,38.276,11.22,4.3
06/02/2023 03:16:14,38.575,38.169,7.85,4.6
06/02/2023 03:12:12,37.271,37.558,7.08,4.4
06/02/2023 03:11:40,37.259,37.446,5.26,3.8
06/02/2023 03:10:19,37.839,37.878,7.02,4.4
06/02/2023 03:07:45,37.711,37.954,7.63,3.8
06/02/2023 03:04:43,38.551,38.126,11.18,4.8
06/02/2023 03:03:20,38.517,38.121,7.8,4.3
06/02/2023 03:01:12,38.43,38.085,6.99,4.1
06/02/2023 02:56:35,36.416,36.669,7.14,3.9
06/02/2023 02:55:08,37.06,37.333,8.07,4.8
06/02/2023 02:54:00,36.41,36.704,9.13,4.9
06/02/2023 02:53:45,39.386,38.421,7,3.9
06/02/2023 02:50:42,36.884,37.122,6.97,3.8
06/02/2023 02:47:49,38.611,38.257,7.02,3.9
06/02/2023 02:43:32,38.643,38.251,7.41,4.2
06/02/2023 02:40:44,39.164,38.108,7,3.5
06/02/2023 02:38:43,38.392,38.118,7.02,4.4
06/02/2023 02:37:01,38.602,38.216,6.97,4.2
06/02/2023 02:34:16,37.286,37.551,10.5,4.6
06/02/2023 02:33:25,38.464,38.096,9.5,4
06/02/2023 02:31:27,36.917,37.307,6.78,3.9
06/02/2023 02:29:26,37.186,37.481,7.19,4
06/02/2023 02:26:32,38.226,37.997,11.2,4.5
06/02/2023 02:23:13,36.955,37.194,11.81,5.3
06/02/2023 02:21:19,37.17,37.54,8.63,3.9
06/02/2023 02:18:45,38.624,38.023,7,3.8
06/02/2023 02:17:40,36.701,37.096,6.38,4.9
06/02/2023 02:11:47,38.187,38.101,7.01,3.8
06/02/2023 02:10:14,38.5,38.109,7.66,3.9
06/02/2023 02:06:22,38.368,38.084,6.95,5.1
06/02/2023 02:03:35,37.957,37.898,10.23,5.6
06/02/2023 02:01:44,37.006,37.294,16.44,5.3
06/02/2023 01:58:23,36.649,37.054,10.21,5.3
06/02/2023 01:51:44,37.188,37.542,6.63,5.3
06/02/2023 01:51:21,36.633,36.836,7,5
06/02/2023 01:50:08,38.604,38.167,6.99,4.6
06/02/2023 01:41:13,38.505,38.09,5.58,4.6
06/02/2023 01:40:57,37.326,37.616,6.86,4.4
06/02/2023 01:36:28,36.639,37.128,11.19,5.7
06/02/2023 01:35:04,36.476,36.571,7,4.6
06/02/2023 01:33:30,38.687,38.187,7.2,4.7
06/02/2023 01:30:28,38.509,38.117,7,5
06/02/2023 01:28:16,36.92,37.304,6.2,6.6
06/02/2023 01:26:49,36.992,37.235,6.98,5.6
06/02/2023 01:23:16,36.806,37.224,7,4.9
06/02/2023 01:17:32,37.043,37.288,8.6,7.8
